	18	19	20	21	22	23
ATCG00020.1	39	21	31	31	5	1
ATCG00270.1	7	6	8.57969	9	2	5
ATCG00280.1	18	19	8.42031	21	12	7
ATCG00340.1	6	7	9	9	2	3
ATCG00350.1	7	11	6	7	7	4
ATCG00420.1	8	7	8	12	10	7
ATCG00430.1	20	16	18	15	9	15
ATCG00440.1	5	9	5	7	5	3
ATCG00470.1	20	27	26	25	2	4
ATCG00480.1	32	47	51	35	14	12
ATCG00490.1	11	14	17	16	5	1
ATCG00680.1	10	4	7	7	2	2
ATCG00780.1	7	17	8	7	20	12
ATCG00790.1	9	9	9	6	12	10
ATCG00800.1	12	14	5	9	12	6
ATCG00810.1	2	3	6	4	4	4
ATCG00820.1	4	8	2	7	3	3
ATCG00830.1	10.5	7	8.5	7	7.5	9
ATCG00920.1	666.488	730	694.465	704.49	77.5	69
ATCG00950.1	5197	5377.5	5394.5	5151.5	1397.5	1404
ATCG00960.1	30	35	33.5	26.5	2.5	3.5
ATCG01130.1	10	4.91302	6	13.5108	22	9.82604
ATCG01170.1	30	35	33.5	26.5	2.5	3.5
ATCG01180.1	5197	5377.5	5394.5	5151.5	1397.5	1404
ATCG01210.1	666.488	730	694.465	704.49	77.5	69
ATCG01310.1	10.5	7	8.5	7	7.5	9
AT5G01410.1	16	14	9	11	16	11
AT5G01530.1	282	322	318	291	180	193
AT5G01750.2	17	13.7228	9.36853	17.9866	5	7.14399
AT5G01810.1	0.00093157	0.000698015	9	10	0.000806521	9
AT5G01920.1	5	6	14	6	4	5
AT5G02160.1	23	24	25	34	9	11
AT5G02240.1	7	7	6	12	6	6
AT5G02380.1	39.8613	51	58	61	27	36
AT5G02450.1	7	5	5.56496	6.48524	3	5.42947
AT5G02480.1	2	5	8	7	5	7
AT5G02500.1	89	80.8191	81	65	159.859	160.987
AT5G02790.1	8	7	12	10	8	6
AT5G02940.1	10	9	7.78432	6	7	8
AT5G02960.1	13	9	17	12	13	11
AT5G03240.1	21.8651	21.3975	23.8004	25	19.6946	21.9277
AT5G03290.1	4	10	1	4	0	4
AT5G03300.1	7	4	2	0	3.4021	4
AT5G03880.1	13	7	14	15	7	8
AT5G03940.1	16	3	8	9	15	8
AT5G04140.2	2.3168	114.805	20.6985	7.0002	101.807	26.5221
AT5G04290.1	1	6	0	4	4	4
AT5G04440.1	1	4	2	6	3	7
AT5G04550.1	5	2	2	5	8	3
AT5G04560.2	3	4	4	1	6	6
AT5G04590.1	17	15	9	23	23	25
AT5G04720.1	4	7	6	6	11	10
AT5G04810.1	8	6	9	7	4	3
AT5G04830.1	1	0	1	1	5	7
AT5G04870.1	3	3	1	3	4	4
AT5G04930.1	4	3	6	3	8	11
AT5G05010.1	0	9	0	3	12	0
AT5G05170.1	25	13	15	16	27	28
AT5G05200.1	4	7	14.8591	9	12	10
AT5G05250.1	6	5	0	1	2	4
AT5G05440.1	3	7	4	8	1	4
AT5G05580.1	10.341	8.21895	7.46754	5.2908	5.38325	8
AT5G05690.1	0	5.45483	13.7164	0	0	0
AT5G05740.1	0	2	2	5	8	5
AT5G06130.2	1	3	3	7	4	3
AT5G06290.1	13	20	12.1779	16	10	12
AT5G06320.1	22	26.9545	20.9411	30	20	19
AT5G06390.1	0	3	3	2	4	4
AT5G06700.1	5	10	11	5	4	3
AT5G07020.1	11	14	15	10	11	8
AT5G07090.1	3.55597	6.5426	6	13.6475	8.69951	4
AT5G07350.2	3.53245	6	4.69482	7	7	3
AT5G07740.1	8	4	6	6	3	7
AT5G08050.1	11	4	5	8	1	1
AT5G08260.1	0	4	1	3	6	5
AT5G08280.1	9	10	26	19	16.9319	6
AT5G08290.1	4	7	5	3	8	3
AT5G08410.1	5	2	2	3	6	3
AT5G08520.1	5	3	7	3	2	2
AT5G08530.1	5	7	9	7	17	12
AT5G08610.1	5.75939	2	7	2	2	0
AT5G08650.1	3	9	8	12	9	7
AT5G08670.1	12.2581	13.8293	16.9025	15.0737	26.5971	24.3173
AT5G08680.1	5.7069	2.54903	3.98323	5.2108	16.7144	17.7284
AT5G08690.1	18.0351	18.6217	12.1143	14.7155	10.6885	14.9543
AT5G08760.1	3	5	2	3	4	4
AT5G08790.1	6	7	3	6	4	3
AT5G09600.1	0.656204	0.348499	3.99314	6.9891	3.99227	1.12341
AT5G09650.1	9	14	8	8	13	9
AT5G09810.1	9.25646	13	8	12	12	4
AT5G09870.1	9	5	9	4	6	8
AT5G09880.1	3	6	3	3	5	1
AT5G10180.1	7	2	2	2	11	9
AT5G10360.1	8	9	6.78281	6.78002	12	0
AT5G10380.1	1	5	4	5	8	7
AT5G10540.1	5.46057	2	2.25184	5	1	9
AT5G10550.1	4.53943	3	4.74816	10	7	0
AT5G10760.1	2	3	3	4	6	6
AT5G10860.1	13	5	7	8	3	8
AT5G11000.1	4	1	8	2	5	3
AT5G11070.1	3	10	3	7	5	3
AT5G11450.1	7	4	3	11	4	4
AT5G11480.1	6	6	5	6	3	2
AT5G11500.1	0	8	6	5	6.7321	0
AT5G11560.1	1	4	2	6	10	8
AT5G11670.1	9	3	10	11	11	13
AT5G11740.1	35	46	47	47	16	13
AT5G11770.1	13	9	14	6	9	10
AT5G12150.1	6	8	8	7	8	7
AT5G12250.1	4.64522	6	2	4	5	4
AT5G12470.1	8	7	5	6	4	8
AT5G12860.1	24	0	23.7753	23.7764	23.6715	22.701
AT5G12890.1	2	1	1	4	5	4
AT5G12950.1	4	5	6	0	3	3.95989
AT5G13030.1	8	5	2	6	8	4
AT5G13190.1	4	6	7	1	4	4
AT5G13440.1	2.65077	2.48348	5.82456	7.30424	4	2.96036
AT5G13510.1	13	18	14	8	10	15
AT5G13630.1	106.967	52.1132	104.968	113	66.6848	134.819
AT5G13650.2	11.6592	30	12.5347	13.7479	19.2902	20.3387
AT5G13770.1	7	4	5	5	7	2
AT5G14040.1	8	8	4	11	15	7
AT5G14060.1	5.40693	2.67602	5	9	5.36305	2.71285
AT5G14120.1	22	26	17	16	42	31
AT5G14320.1	16	18	20	19	15	10
AT5G14740.1	215.399	187.535	168.501	234.497	213.99	197.284
AT5G14780.1	14	19	19	14	13	14
AT5G14910.1	7	5	6	11	4	9
AT5G14920.1	4	7	4	11	2	2
AT5G14970.1	6	6	3	5	4	2
AT5G15090.1	7	8	12	1	1	4
AT5G15200.1	14	15	11	15	16	9
AT5G15350.1	6	6	5	15	11	11
AT5G15410.1	5	1	0	3	7	6
AT5G15450.1	7	7	6	6	2	6
AT5G15650.1	4	3	6	10	6	12
AT5G15780.1	18	13	16	12	8	5
AT5G15950.1	3	2	6	0	4	1
AT5G16110.1	6	7	5	3	4	7
AT5G16130.1	4	2	6	3	5	3
AT5G16390.1	7	6	4	3	4	3
AT5G16400.1	7	8	5	7	4	3
AT5G16620.1	8	2	4	4	7	2
AT5G16710.1	7	7	4	8	7	5
AT5G16715.1	5	1	2	5	8	3
AT5G16730.1	7	3	6	6	4	6
AT5G16970.1	3	4.23114	3	6	5	0
AT5G17380.1	4	4	0	6	6	5
AT5G17870.1	4	4	4	4	11	5
AT5G17920.1	0	30.2925	0	0	0	30.1568
AT5G17990.1	1	2	6	6	4	2
AT5G18380.1	8.9999	14.9997	9.85018	9.01991	6.69293	8.58069
AT5G18500.1	1.99915	6.99579	3.99806	0.999567	3.99775	2.99888
AT5G18570.1	2	3	7	8	5	2
AT5G18600.1	6	4	7	3	5	3
AT5G18610.1	8.85162	12.6293	8.7157	11.2606	12.3024	10.4582
AT5G18660.1	9	3	4	8	5	2
AT5G18670.1	18	11	11	10	12	5
AT5G19120.1	13	18	18	14	8	14
AT5G19140.1	17	20	21	16	13	22
AT5G19190.1	2	6	7	3	1	0
AT5G19220.1	12	13	15	14	17	13
AT5G19240.1	19	25.6529	24	33	17.6933	11.5941
AT5G19250.1	17	12.3114	14	15	8.30668	8.40586
AT5G19510.1	10	4.80677	6	6.83588	11	11.7223
AT5G19540.1	6	10	6	6	4	3
AT5G19590.1	5	8	8	4	0	5
AT5G19690.1	6	3	5	12	3	4
AT5G19760.1	9	14	13	9	10	17
AT5G19770.1	12.8107	11.2645	23.7688	10.8457	8.59481	12.5897
AT5G19780.1	4.18928	3.73547	5.23122	2.15426	15.4052	9.41034
AT5G19820.1	8	7	5	8	8	8
AT5G19855.1	6	6	5	0	1	3
AT5G19940.1	14	9	9.99677	7	21	0
AT5G19990.1	1.54237	5.35382	2	1.2777	1.75412	4.69529
AT5G20010.1	12.8514	17.3125	15.4138	19.4055	12.2371	14.9161
AT5G20020.1	2.14858	8.68746	3.58618	4.59447	2.76287	8.0839
AT5G20190.1	2	2	3	4	5	4
AT5G20230.1	8	14	12	12	27	25
AT5G20250.4	80.5054	1.31351	3.82844e-06	119.654	0.327581	0.349077
AT5G20280.1	7	4	7	8	9	5
AT5G20290.1	21	26	17	26	23	18
AT5G20490.1	2.99998	2.95484	3.99996	2.99998	7.9999	4.99997
AT5G20630.1	27	25	24	24	16	15
AT5G20700.1	5	8	5	7	20	25
AT5G20890.1	6	4	1	2	1	4
AT5G20990.1	2	3	5	4	5	4
AT5G21020.2	4	4	4	10	3	7
AT5G21090.1	8	3	5	3	10	8
AT5G21222.1	6	7	5.40867	6	5	2
AT5G21930.1	10	7	5	0	8	9
AT5G21940.1	8	13	13	8	12	3
AT5G22000.2	1	3	3	4	7	4
AT5G22060.1	6	3	4	3	6	10
AT5G22090.1	5	4	6	9	8	6
AT5G22450.1	10	3	5	9	2	4
AT5G22640.1	12	15.5189	12	15	14	0
AT5G22800.1	7	5	8	5.66874	10	5
AT5G22920.1	5	8	8	9	7	3
AT5G23010.1	0	0	0	2	11	9
AT5G23020.1	5	2	1	2	9	5
AT5G23040.1	7	4	4	9	9	3
AT5G23060.1	21	16	16	14	19	15
AT5G23120.1	22	23	23	22	16	11
AT5G23150.1	2	1	0	4	4	4
AT5G23630.1	5	1	1	3	4	5
AT5G23740.1	2.39779	2	2	0	5	4
AT5G24030.1	10	6	13	9	6	7
AT5G24160.1	7	4	5	7	4	0
AT5G24210.1	9	8	16	11	22	18
AT5G24490.1	20.8587	28.9623	32	23	5	8
AT5G24530.1	1	3	4	3	9	9
AT5G24690.1	14	5	8	11	4	5
AT5G24810.2	0	0	3	2	6	4
AT5G24930.1	17	11	16	19	9	12
AT5G25250.1	2	2	1	3	6	4
AT5G25270.1	5	5	0	1	3	7
AT5G25280.1	7	8.71747	11.7069	10.9924	0	5.17734
AT5G25350.1	3	9	5	7	3	6
AT5G25460.1	9	3	4	6	5	3
AT5G25610.1	9	5	7	8	7	7
AT5G25980.2	0	0	0	0	94.1063	73.0748
AT5G26000.1	108.968	107	104.973	102.98	242.894	205.89
AT5G26360.1	1	6	2	7	2	2
AT5G26742.2	29.1714	0	0	0	0	5.68362
AT5G26830.1	6	6	3	3	4	2
AT5G27350.1	2	4	2	2	5	3.70739
AT5G27470.1	5	5	1	1	2	4
AT5G27660.1	4	1	0	0	10	6
AT5G27850.1	7	8	3	8	3	7
AT5G28500.1	4.81631	0	17	19.2649	4.81631	0
AT5G28540.1	7.60092	7.56764	8.70579	3.03515	9.99324	14.8126
AT5G28840.1	13.9991	18.9982	23.9983	21.9986	11.999	10.9994
AT5G30510.1	26	26	25	34	29	25
AT5G33320.1	5	5	3	6	4	3
AT5G34850.1	4	1	6	2	3	5
AT5G35170.1	11.2324	17.641	15.8642	13.0989	9	6.57005
AT5G35210.1	0	5	4.26915	7	0	4
AT5G35630.1	39.6693	103.14	63.4709	134.876	23.8016	31.7354
AT5G35735.1	4	6	7	2	10	10
AT5G35790.1	4	5	3	3	5	6
AT5G35970.1	10	4	13	7	13	18
AT5G35980.1	7	4.98547	5	4.96747	4.98547	3
AT5G36230.1	5	1	1	3	4	2
AT5G36250.1	2	5	9	6	2	1
AT5G36700.1	0	16.5	7.13836	7.13836	0	0
AT5G36790.1	0	16.5	7.13836	7.13836	0	0
AT5G37130.1	7	13	8.78937	7	0	0
AT5G37510.2	5	9	6	3	8	5
AT5G37600.1	5	9	2.08193	4	6.51043	3.15838
AT5G37770.1	10	8	7	8	5	6
AT5G38420.1	811.758	800.725	806.038	874.426	586.632	542.033
AT5G38430.1	463.988	509.353	545.733	557.825	353.76	414.825
AT5G38980.1	3	2	3	3	4	7
AT5G38990.1	7	7	5	4	4	3
AT5G39570.1	18	18	19	23	7	20
AT5G39590.1	5	3	5	6	6	1
AT5G39740.1	10.5252	9.64092	10.1217	9.69717	14	12.5099
AT5G40340.1	12	10	6	5.09537	7.1015	7
AT5G40450.1	15	21	22	21	13	20
AT5G40810.1	5	3	1	2	5	3
AT5G40890.1	7	14	13	10.4429	17	10.4429
AT5G40950.1	18	14	5	10	6	6
AT5G41700.4	9.39281	17	0.29937	0	0	7
AT5G41790.1	10	16	18	11	18	8
AT5G42020.1	7.39908	10.4324	4.29421	8.96485	0	8.18743
AT5G42050.1	10	13	10	16	8	7
AT5G42100.1	0	10	6.8077	11	0	0
AT5G42270.1	50	55	46	41	21	26
AT5G42300.1	3	5	2	6	5	3
AT5G42390.1	11	17	15	11	24	24
AT5G42530.1	142	148	144	160	144.364	119.796
AT5G42650.1	10	10	8	9	4	8
AT5G42950.1	6	7	8	6	8	7
AT5G42980.1	13	24	18	20	12	8
AT5G43750.1	5	3	7	1	3	7
AT5G43760.1	5	3	1	1	4	9
AT5G43830.1	3	5	8	3	6	3
AT5G44020.1	12	8	9	13	8.55424	7
AT5G44070.1	7	6	5	3	9	7
AT5G44100.1	1	2	2	3	6	5
AT5G44130.1	9	8	10	8	0	4
AT5G44190.1	5	2	1	4	2	5
AT5G44340.1	8	5	8	11	14.7782	9.2321
AT5G44420.1	0	2	3.14531	2	13.3931	6.23683
AT5G44680.1	6	5	7	5	1	2
AT5G44790.1	3	2	3	1	7	5
AT5G44800.1	5	4	4	4	7	3
AT5G45110.1	5	5	5	4	2	5
AT5G45350.1	3	3	4	7	7	6
AT5G45390.1	8	13	9	17	15	4
AT5G45680.1	3	1	5	5	4	5
AT5G46020.1	3	7	7	6	2	2
AT5G46420.1	5	7	3	8	8	2
AT5G46520.1	0	0	0	0	10.0867	6
AT5G46580.1	6	10	3	0	2	3
AT5G46730.1	7.67514	7.67514	9	14.9788	5	7.67305
AT5G47010.1	2	3	2	3	7	4
AT5G47020.1	1	6	8	2	5	2
AT5G47030.1	12	6	7	6	7	6
AT5G47040.1	7	5	12	12	8	6
AT5G47110.1	8	8	7.56025	6	13	12
AT5G47190.1	7.56781	10	7	9.54063	8	2.15796
AT5G47210.1	16	2.87168	0	22	0	16
AT5G47540.1	5	3	4	2	5	1
AT5G47560.1	9	9	5	11	13	10
AT5G47640.1	1	5	3	0	5	6
AT5G47700.1	8	0	0	10.4252	0	0
AT5G47780.1	4	6	6	2	9	3
AT5G47840.1	5	9	7	1	3	1
AT5G47880.1	1	2	3	0	5	6
AT5G47910.1	16	11	13	14	16	12
AT5G48160.1	9	4	6	4	6	3
AT5G48180.1	10	8	7	10	9	6
AT5G48300.1	15	17	17	10	13	17
AT5G48380.1	9	8	3	12	9	9
AT5G48385.1	3	8	4	9	5	1
AT5G48620.1	2.71043	5.10343	4	3.09485	12.5696	6.28481
AT5G48810.1	3	3	2	3	4	5
AT5G49360.1	30	37	23	28	14	11
AT5G49720.1	6	14	16	15	14	32
AT5G49730.1	25.8453	27.3894	31.7462	29.1229	12.0154	5.34475
AT5G49740.1	5.15466	9.61065	19.2538	11.8771	7.98465	10.6552
AT5G49760.1	9	1	3	4	5	4
AT5G49810.1	2	2	1	2	4	10
AT5G49910.1	19	14	29	23	12	9
AT5G49940.1	4	2.99989	1.99994	1.99995	3.99986	5.99988
AT5G49980.1	1	3	3	5	5	4
AT5G50250.1	6	6	0	2	3	1
AT5G50920.1	106	110.948	117	131	114	126.961
AT5G51070.1	12	8	13	10	13	12
AT5G51110.1	10.842	13	10.9521	12	0	7
AT5G51550.1	10	10	14	10	12	5
AT5G51820.1	1	6	4	5	12	3
AT5G52440.1	5	11	7	4	5	1
AT5G52470.1	0.126795	9	0.235014	0	7	0.0300491
AT5G52650.1	5	8	8	6	3	6
AT5G52840.1	2	6	4	5	4	1
AT5G52920.1	6	5	4	4	5	5
AT5G53140.1	5	2	4	10	5	10
AT5G53170.1	8	20	6	8	4	13
AT5G53350.1	2	9	7	11	4	3
AT5G53370.1	8	7	4	4	10	6
AT5G53450.1	0	0	0	0	11	8
AT5G53460.1	19.798	7.53186	19.1908	13.6486	0.000783088	33
AT5G53480.1	6	1	3	3	5	5
AT5G54170.1	6	4	5	6	3	6
AT5G54270.1	160.124	177.359	182.451	172.081	86.0307	72.1756
AT5G54310.1	2	6	3	2	4	1
AT5G54380.1	9	11	12	11	15	13
AT5G54390.1	8	5	8	9	7	2
AT5G54540.1	2	1	1	7	4	1
AT5G54600.1	13.774	26	38	27.304	17	12.9846
AT5G54710.1	6	6	5.60849	9	23.0563	20
AT5G54720.1	3	1	1.39151	2	7.94374	4
AT5G54730.1	2	1	1	2	7	4
AT5G54770.1	459	475	411	464	128	118
AT5G54810.1	8	8	10	12	11	12
AT5G54900.1	3	6	2	4	6	2
AT5G55190.1	0	7	2	7	3	5
AT5G55220.1	5	1	4	4	4	6
AT5G55280.1	3	2	3	7	2	5
AT5G55450.1	2	4	1	9	5	3
AT5G55660.1	6	8	9	2	3	5
AT5G55960.1	5	3	2	3	5	0
AT5G56000.1	0	0	2.44051	1.28191	4.74631	6.57302
AT5G56010.1	10.1499	11.4068	12.7588	10.0241	13.9422	12.6902
AT5G56030.2	12.8501	4.59316	11.8007	11.694	0	3.73675
AT5G56170.1	3	7	2	6	5	4
AT5G56290.1	2	1	2	0	7	6
AT5G56710.1	4.99993	11	0	5.2048	3	0
AT5G56870.1	4	3	7	1	2	5
AT5G57040.1	7	3	6.9545	5.94683	4.87885	4.82757
AT5G57120.1	8	1	1	2	5	2
AT5G57345.1	4	3	7	3	0	5
AT5G57560.1	42	48	62	46	51	35
AT5G57580.1	4	2	3	8	4	9
AT5G57660.1	7	4	14	7	3	3
AT5G57710.1	8	4	8	8	7	6
AT5G57800.1	5	3	3	5	2	4
AT5G57990.1	3	3	1	3	4	6
AT5G58070.1	3	6	5	6	0	4
AT5G58100.1	1	1	0	0	11	4
AT5G58120.1	4	3	3	3	16	16
AT5G58250.1	6	8	9	10	7	2
AT5G58260.1	2	5	8	4	5	5
AT5G58330.1	17.0113	0	16.6818	0	3.47464	0
AT5G58420.1	4	5.4574	3	7.35253	3.69786	4
AT5G58430.1	6	5	5	4	4	3
AT5G58470.1	3	3	3	7	4	4
AT5G58870.1	5	4	4	6	8	3
AT5G58950.1	2	2	7	4	6	4
AT5G59250.1	6	6	2	2	6	8
AT5G59420.1	6	6	4	5	5	5
AT5G59540.1	1	2	2	5	5	7
AT5G59910.1	7.75544	5.47898	1	5	7	1.22484
AT5G60360.3	14.9999	1.35331e-06	19.9999	0	0	0
AT5G60390.1	19.7715	9.88574	0	39.5429	19.7715	19.7699
AT5G60600.1	6.79822	23	35	4.82336	9.86305	8.12665
AT5G60680.1	7	8	5	3	2	2
AT5G60790.1	10	2	8	2	3	4
AT5G60920.1	6	9	5	9	14	10
AT5G61170.1	2	5	7	8	4	4
AT5G61210.1	5	3	9	4	7	5
AT5G61380.1	7	6	5	6	7	7
AT5G61410.1	36.9664	16.5191	17.7206	2.29262e-06	37	1.25976e-06
AT5G61590.1	14	8	12	9	4	3
AT5G61600.1	8	8	9	12	6	8
AT5G61780.1	3.46755	0	2.30518	7	6	4
AT5G61790.1	6	8	9	7.76156	16	5
AT5G61820.1	11	7	4	7	8	3
AT5G62190.1	9	12	9	12	9	0
AT5G62350.1	5	10	11	8	4	3
AT5G62390.1	10	14	14	11	10	7
AT5G62670.1	3	7	4	3	3	5
AT5G62690.1	3.21093	8.73627	5.00592	8.39433	8.01502	3.44521
AT5G62700.1	4.78907	3.92373	4.99408	7.31676	1.98498	8.55479
AT5G62720.1	7	8	4	6	1	3
AT5G62790.2	7	7	9	8	0	8
AT5G62810.1	4	6	7	2	3	7
AT5G63160.1	27	32	27	28	16	10
AT5G63310.1	2	7	15	7	5	5
AT5G63570.1	11	8.38873	13	8	11	8
AT5G63800.1	4	6	6	1	3	4
AT5G63860.1	2	4	4	6	5	1
AT5G64040.2	7.69257	7.66608	0	0	5.41252	0
AT5G64050.1	0	3	1	6	4	1
AT5G64070.1	4	1	3	4	4	6
AT5G64260.1	13	4	6	10	6	11
AT5G64270.1	4	5	8	2	7	4
AT5G64290.1	3	8	10	11	11	11
AT5G64300.1	5	5	4	7	5	6
AT5G64310.1	7	9	6	11	3	5
AT5G64350.1	6	3	5	8	8	6
AT5G64570.1	10.8656	4.34626	10.8657	12.9943	16	18
AT5G64740.1	10	13	9	17	23	19
AT5G64840.1	35	30	43	26	20	17
AT5G64920.1	3	8	4	7	3	2
AT5G64940.1	13	19	2.87513e-06	16	5.13832e-06	1.47064e-06
AT5G65220.1	13	14	14	13	6	8
AT5G65470.1	11	2	1	3	4	2
AT5G65480.1	2	2	4	4	4	5
AT5G65620.1	12.6995	5.21233	11	15.4614	9	8
AT5G65630.1	5.30048	18.7877	15	17.5386	8	10
AT5G65660.1	8	13	9	3	1	5
AT5G66190.1	5.44053	5.23305	4.62749	4.51286	4.9206	2.92415
AT5G66200.1	4	4	3	4	7	6
AT5G66530.1	5	7	9	2	5	2
AT5G66570.1	444	441	404	460	337	360
AT5G66730.1	3	3	6	3	5	2
AT5G66760.1	7	6	3	0	6	3
AT5G66900.1	0	7	1	3	2	5
AT5G66920.1	5	1	3	7	8	3
AT5G67030.1	1.48957	27	1.86976	21	19	23
AT5G67300.1	20	16	15	14	10	5
AT5G67360.1	4	6	4	3	4	2
AT5G67370.1	6	6	6	4	3	8
AT5G67420.1	9	3	8	11	6	7
AT5G67480.2	5.56104	0	10	8	0	3.937
AT5G01010.1	6	4	5	3	5	4
AT5G01810.3	7.99907	3.9993	0	0	4.99919	0
AT5G02870.2	0	13.3475	10.5376	15.6918	5.29295	6.20503
AT5G03040.2	0.017475	5.68477	0	10.2744	0.0342371	11.4708
AT5G03040.3	4.98168	0	10	0	7.96391	0
AT5G03380.2	9	6	0	4	4	4
AT5G04140.1	174.683	100.195	147.301	229	100.193	148.478
AT5G04430.1	1	3	1	9	2	4
AT5G05010.2	9	0	9	0	0	14
AT5G05690.3	4	0	0	10	1	4
AT5G05730.1	5	6	0	3	5	2
AT5G07440.2	7	4	6	5	4	10
AT5G09510.2	5	3	3	5	4	3
AT5G09660.1	87	75	87	70	82.4078	88.4023
AT5G10450.1	22	0.859363	20	0.524792	11.4698	0.531707
AT5G10450.2	0	24.1406	0	17.0814	0	18.4683
AT5G10470.1	0	5	0	10	12	9
AT5G11700.1	6	0	8	10	8	9
AT5G12370.3	4.95344	3.95422	4.94955	2.97174	7.91204	4.95679
AT5G12860.2	0	28	7.22474	11.2236	2.32846	0.298956
AT5G13000.2	3	0	3	3	7	6
AT5G13120.2	8	0	6	11	2	2
AT5G13450.2	8	6	0	4	0.31051	0
AT5G13630.2	0.0326904	61.8868	0.0316407	3.90694e-05	79.3152	0.180926
AT5G13650.1	16.3408	0	17.4653	19.2521	26.7098	28.6613
AT5G13710.2	0	3	5	4	9	4
AT5G14200.2	5	3.99044	1.98567	0	0	4.56741
AT5G14260.2	5	8	8	8	8	8
AT5G16030.1	2.89649	0.960183	7.70814	7.72177	0.961274	0
AT5G16150.2	4.99569	7.99054	8.99122	3.99649	4.43733	2.99769
AT5G16880.3	5	4	0	4	0	4
AT5G17020.2	3	7	2	6	2	2
AT5G17170.2	3.37949	6.018	0	4.05299	2.68032	4.07094
AT5G17230.1	16.454	16.5523	0	8.22487	0	0
AT5G17230.2	3.26183	0	16	7.12915	4	8
AT5G17710.1	7	6	5	6	5	6
AT5G17920.2	39	9.70746	39	38	54.0686	3.84325
AT5G18230.1	3.37269	0	5.03562	3.37048	5.84501	11.0074
AT5G19400.3	0.939402	4.66022	5.6198	0	4.66769	3.76749
AT5G20250.2	52.4946	125.686	132	5.34558	32.6724	44.6509
AT5G20720.2	17.6714	9.21928	15.7591	11.1557	14.7773	8.39528
AT5G20950.2	0	1.99202	3.98635	1.99374	8.96582	11.9662
AT5G21430.2	1.87225	7.42855	0	7.48581	6.5107	2.816
AT5G21920.2	4.97607	3.97573	3.979	7.9612	2.98262	4.97803
AT5G23210.4	0	0	4.88092	0	4.8809	8.99989
AT5G23450.1	4	6	4	3	6	4
AT5G23540.2	7	2	0	7	0	3
AT5G24300.2	5	7	4	5	3	0
AT5G24314.1	2	2	2	2	4	4
AT5G25220.2	2.91063	0	3.87364	6.78971	7.73092	0
AT5G25630.1	6	10	3	10	8	6
AT5G26030.2	2	4	0	2.08933	8	6
AT5G26570.2	11.8863	5.43404	11.8437	9.13867	9.98157	9.17273
AT5G26742.1	7.82857	36.118	35	47	45	15.0414
AT5G26742.3	0	8.88197	0	0	1.29283e-08	20.275
AT5G27640.1	4	5.70948	1.9795	6	10	2
AT5G28500.2	9.18369	11	0	0.735054	3.18369	9
AT5G35100.2	5	6	5	5	3	2
AT5G35360.1	5.04146	4.15019	3.34534	5.03814	0	4.21903
AT5G35630.3	107.331	53.8598	81.5291	41.1244	136.198	108.265
AT5G36700.2	33	9.17491e-08	29.7233	19.7233	30	28
AT5G38410.1	1832.46	1880.7	1937.95	1856.08	1669.54	1428.99
AT5G38480.2	7.20699	5.3503	4.48699	6.30269	4.46777	0
AT5G38520.1	10	9	15	13	7	6
AT5G38660.1	6.97424	8	6.97309	2.50627	4.25314	6
AT5G40370.1	2	3	6	5	5	8
AT5G40850.2	4	0	6	4	4	1
AT5G41520.2	6.99443	6.05129	0	5.24264	8.66432	4.38851
AT5G41700.1	0	0	13.3022	16	7	0
AT5G41740.1	2.05202	4.02826	3.909	3.29323	4.50786	4.85701
AT5G41750.2	17.948	11.9717	18.091	9.70677	4.49214	11.143
AT5G42100.2	8	0	0.192297	0	5	2
AT5G42540.1	1.99999	3.99997	0.999995	2.99999	5.99996	4.99998
AT5G43900.1	2.99927	0	1.99944	6	5.998	4.99895
AT5G43940.1	11	5	8	11	10	12
AT5G44290.4	3	4	0	0	4	8
AT5G46110.1	101	60.848	76.9999	88.6284	114.995	88.686
AT5G46290.1	5	7	0	10.9175	0	4
AT5G47210.3	0	8.12832	15	0	0	0
AT5G47700.2	0	12	6.46919	0	3.46683	0
AT5G49030.1	4	9	0	0	0	5
AT5G49970.2	6	3	0.999999	0	2	5
AT5G51970.2	10	18	7	11	13	7
AT5G53300.2	14	8.66796	0	6.79911e-07	0.765265	23
AT5G53300.4	0	0	14.9973	17.9971	17.906	0
AT5G53460.2	8.76287	12.7196	8.41447	12.7822	24.7776	4.71074e-06
AT5G53490.2	8.4777	5.60865	0	7.5327	0	3.7775
AT5G53850.1	5	6	0	5	5	6
AT5G54940.2	4	7	9	13	15	16
AT5G55850.1	3	6	5	5	4	3
AT5G57290.3	5.85355	6.79942	1.94804	6.82761	0	0
AT5G57350.2	7.38641	9.72595	9.80149	0	8.93768	8.24294
AT5G57870.2	4.7085	4.67246	7.51191	6.58924	3.74382	8.49703
AT5G57930.1	2.97572	0	0.991206	0	7.92313	7.94004
AT5G58140.1	1.88064	0	3.76483	5.64177	1.8798	5.64286
AT5G58140.4	3.11649	0	4.23296	7.34948	7.1165	3.34947
AT5G58330.2	0	20	0	17.5116	13.8853	0
AT5G58330.3	10.9887	0	0.31823	8.48835	1.64006	14
AT5G59880.2	3	0	6	0	7	0
AT5G60360.1	9.57247e-06	27	1.63519e-05	22	32	21
AT5G60390.3	65.4936	88.8713	101.786	50.3099	75.6868	74.1275
AT5G60600.2	17.2018	0	0	12.1766	24.137	20.8734
AT5G61010.2	2	2	6.99999	0.999999	5.99999	0.999999
AT5G61410.2	0.0335723	24.4809	27.2794	40	0	30
AT5G62000.2	12	0	0	10.0745	16.6356	0
AT5G62000.3	0	0	16	4.92545	8.33099	18
AT5G62090.2	5	6	6	3	4	7
AT5G62300.2	0	6.86624	3	0	10	2
AT5G62890.4	6	3	2	2	5	4
AT5G63370.4	3	0	6	5	5	3
AT5G64040.1	63.3074	61.3339	56	86	38.5875	30
AT5G64130.1	2	6	5	4	3	5
AT5G64400.1	9	9	5	2	8	6
AT5G64940.2	0	0	15	0	20	13
AT5G65010.1	7.57938	6.8137	14.4074	6.1975	4.78008	4.84244
AT5G65430.1	0.0688329	0.0664495	7	9.39384	0.168663	0.180066
AT5G65430.2	4.93117	3.93355	0	0	10.3615	13.8199
AT5G65670.2	8	6	8	5	2	6
AT5G65720.2	5	3	2	6	5	2
AT5G66190.2	85.5595	72.767	69.3725	70.4871	70.0794	48.0759
AT5G66210.3	7	1.20284	4	0	0	5
AT5G67030.2	23.5104	0	28.1302	0	0	0
AT5G67480.1	9.43896	6	0	0	10	7.063
AT4G00100.1	7	6	6	3	9	9
AT4G00360.1	4	5	6	4	6	4
AT4G00370.1	5	1	1	6	6	0
AT4G00720.1	6	3	3	4	9	1
AT4G00780.1	3.1148	7	5	7	2	5
AT4G00895.1	5	4	7	2	4	2
AT4G01050.1	20	17	27	35	23	23
AT4G01150.1	58	59	61	67	60	55
AT4G01310.1	15	21	26	15	20	19
AT4G01690.1	11	9	0	0	0	0
AT4G01850.1	6	0	5	6.80625	0	0
AT4G01870.1	5	7	9	15	6	3
AT4G01950.1	5	2	2	8	3	5
AT4G02230.1	5	4	5	3	4	2
AT4G02330.1	7	6	5	10	6	6
AT4G02380.1	4.67711	14.0313	4.67711	4.67711	9.35422	4.67711
AT4G02480.1	12	5.70546	7	4	10	11
AT4G02510.1	26	40	41	32	21	38
AT4G02520.1	33.7795	37	41.7169	33	85	68
AT4G02620.1	3	2	5	7	5	3
AT4G02770.1	161	162	145	169	84	88
AT4G03030.1	8	2	4	4	2	7
AT4G03060.1	0	0	0	0	14	6
AT4G03080.1	2	3	1	3	7	6
AT4G03200.1	2	1	2	3	4	7
AT4G03280.1	99	108	111	105	78	83
AT4G03400.1	10	4	3	2	3	4
AT4G03520.1	16.7414	14.3498	16.7414	26	21.5246	16.7414
AT4G04610.1	4	1	2	6	5	5
AT4G04640.1	56	56	70	72	62	56
AT4G04770.1	4	6	4	4	3	6
AT4G05050.1	15.8112	0	18.9596	0	0	8.73578
AT4G05070.1	5	3	5	9	3	5
AT4G05180.1	53	85	71	73	34	42
AT4G06477.1	13	9	6	6	4	0
AT4G08350.1	6	1	2	5	2.2798	5
AT4G08470.1	1	1.58734	3	3	5	5
AT4G08850.1	4	7	12	0	11	3
AT4G08920.1	9	6	12	9	8	5
AT4G08950.1	49	45	40	40	46	29
AT4G09010.1	9	10	7	7	12.3381	14
AT4G09320.1	1	7	7	1	5	5
AT4G09650.1	42	59	48	54	37	41
AT4G09800.1	3	0	2	5.82618	5	1
AT4G10080.1	2	6	4	6	9	3
AT4G10120.1	11.3306	6.5602	6.59097	6.60689	15.0176	7.57254
AT4G10300.1	4	3	9	2	5	2
AT4G10320.1	5	6	6	7	8	3
AT4G10340.1	364	343	379	346	205	158
AT4G10480.1	0.312255	10	8	6	0.273628	0.359647
AT4G10920.1	5	9	6	8	3	1
AT4G11010.1	8	6	3	2	3	6
AT4G11150.1	7	12	12	9	15	11
AT4G11260.1	1	6	2	2	6	4
AT4G11280.1	4	7	2	3	4	0
AT4G11420.1	9	5	9	10	10	7
AT4G12290.1	2	3	6	4	1	4
AT4G12420.1	8	7	7	6	14	12
AT4G12650.1	3	4	1	4	9	6
AT4G12720.4	9	0	4	0	0	5
AT4G12800.1	198	229	210	216	96	123
AT4G13250.1	3	7	5	6	4	4
AT4G13340.1	84.9615	78	92	82	59	61
AT4G13430.1	9	13	14	9	15	18
AT4G13505.1	8	0	0	11	7.14217e-08	0
AT4G13510.1	0	18	12	0	23	24
AT4G13550.1	2	3	2	1	4	5
AT4G13670.1	2	7	4	7	1	8
AT4G13770.1	10	7	11	17	15	10
AT4G13930.1	0	0	3	6	4	8
AT4G13940.1	25.2744	51	34	27	51	42
AT4G14365.1	6	2	0	4	8	8
AT4G14500.1	6	3	3	3	4	4
AT4G14880.1	19	2.37842	14	3.2007	2.63979	3.10817
AT4G14960.2	8.01168	0	11.3114	15.6674	19.1637	0
AT4G15110.1	2	0	3	4	4	4
AT4G15180.1	7	3	6	3	0	1
AT4G15470.1	2	5	6	4	5	6
AT4G15545.1	12.8129	19.9255	12.522	15.7412	8	4
AT4G15560.1	20	17	27	20	31	26
AT4G16143.1	3	5	2	6	6	5
AT4G16190.1	13	11	20	16	24	14
AT4G16370.1	11	6	8	9	17	17
AT4G16520.1	2	3	9	5	9	2
AT4G16563.1	2	7	4	4	5	1
AT4G16660.1	2	2	3	5	5	6
AT4G16690.1	2	3	0	3	4	7
AT4G16720.1	8	9	11	6	10	6
AT4G16860.1	1.10925	1.96418	1.13405	0	6.28125	8.17047
AT4G16890.1	0	3.53587	2.78097	2.45184	19.489	17.6302
AT4G16920.1	3.35491	4.00594	6.27314	11.3464	13.7667	8.10898
AT4G16950.1	7.15903	6.12624	1.71674	5.88947	4.03685	3.70343
AT4G16980.1	16	23	20	34	11	10
AT4G17040.1	7	6	5	4	5	5
AT4G17090.1	32	30	37	28	33	15
AT4G17230.1	2	6	9	7	10	6
AT4G17330.1	8	11	8	6	8	7
AT4G17390.1	5	8	7	12	12	8
AT4G17520.1	9	6	7	11	5	9
AT4G17560.1	7.43219	15	10	10.4594	7	14.842
AT4G17600.1	6	8	5.43975	5	2	5
AT4G17840.1	4	4	7	0	1	6
AT4G18010.1	0	12	18	13	15	0
AT4G18030.1	5	2	1	3	3	4
AT4G18100.1	7	3	8	6	9	4
AT4G18240.1	7	4	6	5	13	3
AT4G18440.1	7	1	4	2	4	0
AT4G18480.1	18	15	16	13	12	5
AT4G18730.1	3.61042	3.02726	3.61509	6	1.20709	4.67602
AT4G19200.1	6	3	8	5	12	12
AT4G19210.1	2	1	3	10	2	5
AT4G19520.1	9	10	11	10	10	10
AT4G19530.1	6	11	14	7	9	16
AT4G19640.1	3	4	4	1	5.8622	4
AT4G19860.1	2	5	2	4	6	7
AT4G20150.1	1	2	10	5	1	4
AT4G20360.1	103	107	103	120	93	78
AT4G20850.1	9	7	13	14	10	10
AT4G20890.1	3	3	5	4	4.22178	5.7679
AT4G21105.1	6	0	5	6	2	4
AT4G21210.1	11	9	0	14	0	0
AT4G21710.1	5	3	2	1	3	5
AT4G21960.1	51	64	62	64	60	62
AT4G21990.1	0	9	13	0	10	0
AT4G22150.1	12.2358	9.7719	9.57815	8.70782	18.3343	1.8214
AT4G22240.1	13	10	11	9	12	10
AT4G22330.1	5	1	7	1	2	1
AT4G22670.1	6	5	3	5	11	4
AT4G22690.1	7	8	12	7	12.3159	5.98589
AT4G22710.1	0	0	0	0	13.6841	8.01411
AT4G22890.1	0.807589	27.7802	0.19891	0.0536757	0.0970353	4.63003
AT4G23100.1	12	8	14	9	11	11
AT4G23170.1	0	2	1	1.86006	5.80732	5
AT4G23180.1	6	13	6	8	7.69044	6
AT4G23400.1	4	8	2	5	4	3
AT4G23470.1	5	0	9	9	7	6
AT4G23630.1	6	4	6	9	3	2
AT4G23650.1	2	4	5	6	9	8
AT4G23670.1	16	14.8569	9	15	13	9
AT4G23850.1	10	15	9	11	30	11
AT4G23890.1	9	5	10	6	5	3
AT4G24020.1	2	6	2	5	9	4
AT4G24160.1	4	3	2	5	4	4
AT4G24280.1	22	28	34	24	27	20
AT4G24520.1	6	5	10	2	2.72574	10
AT4G24570.1	8	13	8	8	9	6
AT4G24690.1	8	13	3	8	21	10
AT4G24770.1	57	53	64	57	37	46
AT4G24800.1	1	2	4	1	6	6
AT4G24930.1	5	2	2	4	0	8
AT4G25030.1	2	5	2	5	4	4
AT4G25080.3	11.6784	0	0	0	12	0
AT4G25130.1	18	12	16	18	10	12
AT4G25370.1	2	1	2	6	4	2
AT4G25570.1	8	9	5	7	4	6
AT4G25620.1	4	7	8	2	3	4
AT4G25700.1	6	7	4	0	0	10
AT4G26110.1	4	2	7	6	4	3
AT4G26230.1	7	5	3	10	9	2
AT4G26530.1	18	0.00622719	26	18	15	16
AT4G26630.1	8.3909	15.7173	11.1527	10.251	12.0396	12.1543
AT4G26690.1	23	22	15	23	13	5
AT4G26700.1	0.999874	7	5.99912	3.99949	0.999827	5.99935
AT4G26850.1	7	10	7	8	9	12
AT4G26970.1	4	5	6	6	10	5
AT4G27000.1	3	6	2	8	6	4
AT4G27090.1	7	15	12	14	11	4
AT4G27280.1	20	12	16	26	4	4
AT4G27300.1	5	2	2	3	5	2
AT4G27430.1	3.99993	7.99977	4.99989	6	5.99984	2.99996
AT4G27440.1	35	31	33	35	11	13
AT4G27450.1	4	9	6	2	1	3
AT4G27500.1	14	15	15	10	12	9
AT4G27520.1	21	22	20	26	19	17
AT4G27600.1	7	9	8	6	2	4
AT4G27800.1	0.696747	8	1.17511	1.13825	10	0.841269
AT4G28080.1	40	51	53	54	46	42
AT4G28300.1	7	5	1	7	6	5
AT4G28750.1	139	119	152	131	52	42
AT4G29010.1	5	8	9	4	5	4
AT4G29060.1	36.1106	40.6244	13.5415	44	45	28
AT4G29220.1	2	6	2	4	4	4
AT4G29350.1	10	5	4	10	10	14
AT4G29380.1	4	0	0	3	5	4
AT4G29780.1	6	4	4	4	5	6
AT4G29840.1	8	3	4	2	1	12
AT4G29900.1	7	11.4609	8	11	9	10
AT4G30190.2	0	5.11405	1.02569	8.34886	0	4
AT4G30270.1	16	10	18	25	20	12
AT4G30440.1	22	24	18	20	18	12
AT4G30530.1	2	3	4	6	9	2
AT4G30600.1	5	5	7	6	5	3
AT4G30920.1	8.80608	8.75938	8	5	12	9
AT4G30950.1	21	27	29	27	28	21
AT4G30960.1	5	3	2	4	8	5
AT4G31040.1	2	7	10	0	5	1
AT4G31490.1	3.6101	3	5.43502	3	4.32286	4.58126
AT4G31500.1	7	9	3	10	13	14
AT4G31700.1	7.99615	0	12	5	0	6
AT4G31985.1	6.8638	14.8309	4.76446	9.477	3	4
AT4G32020.1	10	14	22	28	9	6
AT4G32060.1	8	15	13	17	0	10
AT4G32190.1	5	5	7	2	4	3
AT4G32260.1	102	98	106	120	77	73
AT4G32285.1	4	3	0	2	6	4
AT4G32300.1	3	6	2	0	4	2
AT4G32340.1	6	11	6	6	0	4
AT4G32410.1	16	8	15	15	22	15
AT4G32480.1	2	7	7	9	2	3
AT4G33010.1	179.658	163.8	163.987	163.17	225.115	181.612
AT4G33050.2	4.99644	4.40887	2.99758	3.9971	10.9898	7.99494
AT4G33090.1	6	8	4	8	9	2
AT4G33210.1	1	1	1	6	7	3
AT4G33300.1	7	11	9	19	6	4
AT4G33510.1	4.1137	15	16	12.3411	12.3411	12.3411
AT4G33530.1	5	2	2	2	8	3
AT4G33630.1	2.90646	5.74285	2.89292	9	1.43915	4.37841
AT4G33680.1	4	8	9	4	3	2
AT4G33865.1	6	10	13	5	6	1
AT4G33920.1	2	1	5	5	6	4
AT4G34030.1	0	5	6	3	3	7
AT4G34050.1	8	11	8.50745	7	8.50745	1.70149
AT4G34110.1	20	27	26	20	24	25
AT4G34120.1	6	8	8	10	6	1
AT4G34138.1	2	6	5	6	1	0
AT4G34150.1	26	27	18	27	16	21
AT4G34180.1	2	2	3	6	4	4
AT4G34190.1	11	19	16	12	4	12
AT4G34200.1	3	2	2	5	7	6
AT4G34260.1	5	1	2	4	2	11
AT4G34350.1	23	16	11	25	26	19
AT4G34450.1	14	5	7	10	10	12
AT4G34480.1	3.5134	2.34227	2	7	5	9
AT4G34490.1	4	1	1	0	5	4
AT4G34620.1	14	25	23	18	12	8
AT4G34670.1	7	14	9	8	6	6
AT4G34720.1	7	8.07926	8	7	2	6
AT4G34830.1	7	13	7	5	15	10
AT4G34870.1	15	7	11	7	8	7
AT4G34950.1	11	5	9	9	13	8
AT4G35000.1	5	2	7	6	5	6
AT4G35090.1	68	92	95	93	104	84
AT4G35100.1	31	25	32.4656	18.9994	25.3608	24.629
AT4G35230.1	1	7	5	7	5	7
AT4G35250.1	9	15	8	19	4	11
AT4G35310.1	10	9	10	6	11	12
AT4G35470.1	2	5	9	3	5	2
AT4G35800.1	16	9	12	17	12	12
AT4G35830.1	21	21	13	21	25	22
AT4G36020.1	0	2	4	3	4	5
AT4G36040.1	15	12	17	8	1	3
AT4G36210.3	5	0	6.99999	4	10	0
AT4G36220.1	3	2	4	1	5	4
AT4G36250.1	1	2	2	3	6	4
AT4G36390.1	7	3	5	5	5	5
AT4G36520.1	3	6	3	1	2	4
AT4G36648.1	5	6	3	6	4	2
AT4G36690.1	2.99826	8	3.99736	6.99586	4.99621	6
AT4G36810.1	9.30838	5.31908	1.32977	2.65954	3	0
AT4G36850.1	7	7	13	5	4	5
AT4G37120.1	5	5	3	7	5	5
AT4G37200.1	4	8	9	6	1	2
AT4G37260.1	4	6	8	10	8	3
AT4G37270.1	2	5	5	7	4	1
AT4G37300.1	8	9	4	6	8	4
AT4G37460.1	2	8	2	6	4	4
AT4G37510.1	6	3.94386	8	5.25848	6.5731	2.62924
AT4G37610.1	12	11	8	15	3	4
AT4G37760.1	4	10	7	2	4	0
AT4G37870.1	2	4.38523	1	6	5	4
AT4G37910.1	3	9	11	2	6	4
AT4G37925.1	7	4	4	9	4	2
AT4G37930.1	194	242	209	216	286	217
AT4G37980.1	3.16318	4.99982	5.18547	8	3.04514	5.18547
AT4G38130.1	5	7	6	5	3	4
AT4G38250.1	5	4	5	6	4	4
AT4G38430.1	2	1	4	3	4	4
AT4G38460.1	7	6	3	8	4	4
AT4G38470.1	8	3	5	7	6	4
AT4G38520.1	2	4	2	4	5	7
AT4G38550.1	27	18	28	36	22	27
AT4G38600.1	9	10	11	0	0	0
AT4G38630.1	3	5	1	3	4	4
AT4G38680.1	12	4	6	7	6	5
AT4G38740.1	14	19	19	11	3	7
AT4G38770.1	22	24	19	23	16	16
AT4G38800.1	5	2	4	5	4	1
AT4G38920.1	10	6.92074	6	7	4	7
AT4G38970.1	276.75	279	288	264	224.65	243
AT4G39080.1	12	10	11	8.72543	11	16
AT4G39090.1	24	22	16	27	20	16
AT4G39200.1	7.21766	6.59916	9.62356	6.87191	14.7325	0.166421
AT4G39260.1	9.10379	6.6095	11	11.8299	7.09794	12
AT4G39350.1	7	2	4	4	11	9
AT4G39400.1	11	8	8	12	11	4
AT4G39730.1	5	6	1	13	3	2
AT4G39800.1	10	12	11	6	6	8
AT4G39960.1	4	5	6	3	5	3
AT4G39970.1	4	12	10	13	5	8
AT4G40040.1	7	5	10	7	9.41814	6
AT4G00300.2	4	5	7	12	4	9
AT4G00430.2	10	3.14866	5.14866	9	9	12
AT4G00630.1	1.08295	3	4	3.1992	4.30662	4
AT4G00810.2	2	2	8	9	3	5
AT4G01100.1	3	3	0	6	5	2
AT4G01330.1	7	5.11327	6	8	2	3
AT4G01690.2	0	0	7	11	6	5
AT4G01800.1	10	5	11	14	9	7
AT4G01850.2	0	7	0	1.57352	12	8
AT4G02260.2	0.68329	5.40649	4.08236	2.73151	4	2.74387
AT4G02380.2	11.3229	2.96867	22.3229	5.32289	11.6458	16.3229
AT4G02570.3	3.87322	3.05948	3.08351	0	5.36756	9.33721
AT4G02890.1	1.01596	0	1.05557	19.2393	15.0821	0.898896
AT4G02890.2	0	16.9984	9.90202	0	8.18004	0
AT4G02890.4	19.0011	0	7.25674	8.38466	0	29.7321
AT4G02920.1	21	9	6	0	12	7
AT4G03020.2	3	5	1	4	5	4
AT4G03260.2	0	6	2	4	9	8
AT4G03520.2	9.25862	4.65025	6.25862	0	11.4754	2.25862
AT4G05050.3	0.000270159	16.9213	3.38976	5.72703	6.31649	0
AT4G05320.1	25.7012	0	17.6234	8.95643	39.68	21.0004
AT4G05320.6	1.4703	0	10.2148	14.4407	0.0687028	0
AT4G05420.2	4	2	1	6	5	3
AT4G09000.1	16.6289	15	18.8884	12.7793	24.6619	15
AT4G09040.2	4	4	0	6	0	6
AT4G09150.1	1	1	5	6	4	3
AT4G12720.3	0	10	0	12	8	0
AT4G14030.2	9	1	1	5	7	9
AT4G14160.3	6	1	1	3	5	2
AT4G14320.1	2	1	4	5	4	5
AT4G14710.2	5.82952	6	3	0	4	4
AT4G14880.2	0	13.6216	0	19.7993	15.3602	19.8918
AT4G14960.1	0	5.46745	2.87769	0	0	7.33425
AT4G15530.2	0	6	5	0	2.41526e-06	5
AT4G15530.6	4.99984	0	0	4.99983	11.9994	0
AT4G18010.2	12	2.58777e-07	0	0	0	17
AT4G18810.1	12	7	10	6	4	4
AT4G19410.1	6	4	5	3	16	14
AT4G20260.1	0	1.98162e-06	13	5.99999	7.99998	9.99999
AT4G20830.2	14	11	9	11	11	10
AT4G21210.2	0	0	9	0	6	6
AT4G21280.1	85	84	82	103	60	65
AT4G21450.1	0	4	3.88886	4	4	5
AT4G21860.3	3	0	7	6	0	7
AT4G21990.2	8	5.88972e-08	0	8	0	6
AT4G22890.2	3.78587	14.2198	3.29455	10.8011	16.0529	22.37
AT4G22890.4	0	0	36.0782	10.5339	15.9493	0
AT4G22890.5	27.4065	0	6.3494	1.80569	2.90081	0
AT4G23570.1	2	6	4	10	5	0
AT4G24190.2	8.26343	4.54835	7.31958	15.601	0	11.0525
AT4G24220.2	7.27914	8.78497	10.4636	6.46592	0	2.43709
AT4G24820.2	2	3	7	1	3	7
AT4G25050.1	13.059	13.4127	13	18	19	20
AT4G25080.1	7.00414	0	10.2902	10.2902	0	6.87117
AT4G25080.2	4.31151	18	4.70977	4.70977	0	4.90702
AT4G25100.2	0	0	10.2223	0	0	7.67132
AT4G25100.5	0	2	1.77771	11	11	0
AT4G25170.1	3	3	3	6	4	0
AT4G25650.1	12	10	3	11	5	4
AT4G26860.1	2	3	1	3	4	4
AT4G27800.3	7.30325	0	11.8249	11.8617	0	9.15873
AT4G28030.2	0	4	6	6	0	0
AT4G28660.1	14	10	10	8	10	6
AT4G29060.2	6.88942	6.3756	24.4585	0	0	0
AT4G29810.1	5.48643	0.905753	2.73339	1.82789	4.53747	2.75204
AT4G29950.2	5.17969	5.97291	4.2973	4.3137	6.84213	0.866752
AT4G30210.2	7.19005	9.23585	8.58836	14	12.8183	7.94263
AT4G31180.2	3.47006	6.99956	5.87291	1.99992	7.99954	2.9999
AT4G31700.2	0.00385084	6	0	0	11	0
AT4G31800.2	11.4716	4.36382	5.27249	4.40955	7.87225	4.4288
AT4G31990.2	0	9.98261	0	10.986	6.98858	6.99221
AT4G32590.4	0	3	4	8	5	0
AT4G34100.2	6.61268	3.55622	3.2933	8.59165	5.9027	5.97313
AT4G34710.2	14	12	7	0	16	9
AT4G35450.2	15	0	0	15.9988	0	0
AT4G35450.4	0	0	18	0	19	10
AT4G35600.1	0.999931	2.99968	1.99984	0.999929	5.99941	4
AT4G35790.2	1.99963	6.99808	0.999783	5.99886	0	2.99951
AT4G36730.2	6.75442	5.3155	5.77749	4.82319	5.76389	6.76678
AT4G37180.1	0.999995	7.99993	4.99997	1.99999	1.99999	3.99998
AT4G37980.2	1.83682	0.000182244	2.81453	0	5.95486	5.81453
AT4G38220.1	2.97617	2.9705	3.96548	2.97589	5.94339	5.95589
AT4G38600.2	0	0	0	6	11	8
AT4G40030.1	8	5	3	13	11.5819	7
AT1G01090.1	5	9	9	9	10	9
AT1G01320.1	22.7657	21.7257	26.7024	0	30	0
AT1G01620.1	22	13	17	7.08917e-08	1.62137e-07	9.45398e-08
AT1G01790.1	11.9171	14	5	12.8008	9.69338	13
AT1G01960.1	1	5	5	3	6	6
AT1G02120.1	0	2	3	4	6	5
AT1G02150.1	5	4	6	1	2	5
AT1G02500.1	5.5	5	6.5	7.31012	4.5	14
AT1G02560.1	11	19	17	15	12	10
AT1G02660.1	15	7	8	12	5	6
AT1G02780.1	18	18	12	15	14	17
AT1G03060.1	6	4	3	2	4	3
AT1G03130.1	72	75	67	61	29	27
AT1G03220.1	5	8	1.24557	4.66171	4.4892	4.79632
AT1G03370.1	3	3	4	1	8	6
AT1G03475.1	14	14	18	15	4	9
AT1G03600.1	25	25	27	28	13	18
AT1G03630.1	0.00135072	15	12	0.00163238	0.0011884	0.000318585
AT1G03680.1	22	13	15	17	10	7
AT1G03870.1	13	20	8	15	5	6
AT1G03900.1	2	5	6	1	6	3
AT1G04170.1	3	4	9	2	4	5
AT1G04270.1	3	4	0.0155878	6	0.011473	8
AT1G04350.1	5	1	1	6	2	2
AT1G04400.2	8	9	13	10	4	3
AT1G04410.1	29	46	26	30	31	25
AT1G04420.1	5	4	6	1	5	3
AT1G04440.1	7	3	4	2	4	1
AT1G04530.1	6	4	5	1	7	3
AT1G04690.1	6	2	7	2	4	2
AT1G04800.1	6	10	13	7	7	4
AT1G04820.1	8.78593	9.71093	4.45097	6.14108	4.19161	4.074
AT1G05010.1	4	12	8	6	17	15
AT1G05135.1	20	19	18	27	14	20
AT1G05190.1	28	19	17	19	12	12
AT1G05560.1	6	5	4.43679	6	2	1
AT1G05850.1	12	13	19	7	21	17
AT1G05940.1	6	5	2	1	4	2
AT1G06040.1	5	3	14	6	8	8
AT1G06290.1	4	11.3161	7	8	3	1
AT1G06410.1	16	4	5	12	15	11
AT1G06430.1	8.23627	15.1718	14.3074	14.4212	13	13.257
AT1G06460.1	10	7	9	6	12	3
AT1G06680.1	140.801	140.801	172.09	78.2227	93.8673	31.2891
AT1G06760.1	4	1	5	9	4	2
AT1G06950.1	6	5	9	10	7	5
AT1G07110.1	7	3	8	14	7	8
AT1G07135.1	20	15	15	22	9	9
AT1G07140.1	5	7	8	8	6	5
AT1G07180.1	6	6	7	0	9	9
AT1G07320.1	17.2776	16.7737	0	26.9984	12	13
AT1G07590.1	32.3153	41.2546	43.782	34.4001	20.8486	10.4243
AT1G07600.1	17.6847	25.3209	14.218	21.5999	8.15144	2.57572
AT1G07890.3	24	9.08483	1.59888	18	16	6.08483
AT1G07920.1	12.3453	19.8875	29.0392	18.6181	25.57	26.9843
AT1G07930.1	27.5801	36.1402	18.8674	16.5504	51.469	22.2497
AT1G07940.1	25.8096	26.2152	20.6676	18.4472	21.5027	8.86728
AT1G08190.1	5	3	4	6	8	4
AT1G08200.1	0	4	3	0	6	13
AT1G08360.1	5.66616	9	9	11	5	9
AT1G08380.1	167	203	172	194	79	60
AT1G08420.1	5	3	6	7	7	7
AT1G08450.1	5.99233	5.98967	4.99282	0	9	11
AT1G08510.1	4	7	7	4	10	4
AT1G08520.1	20	14	20	21	10	10
AT1G08540.1	1	2	4	2	5	7
AT1G08980.1	4	3	0	5	4	4
AT1G09070.1	36	28	40	49	12	19
AT1G09130.3	13	0	0	0	0	8.19062
AT1G09140.1	5	4	0	4	4	2
AT1G09210.1	1	5.32358	7	2	11.3729	5.3011
AT1G09310.1	13	16	16	9	14	9
AT1G09340.1	58	51	61	66	64	67
AT1G09620.1	6	3	6	7	9	8
AT1G09690.1	7.45141	5.28861	11	3.95073	13	8.84274
AT1G09750.1	4	7	3	7	1	4
AT1G09770.1	2	8	7	7	14	4
AT1G09780.1	0	3.88205	2	4	9	5
AT1G09795.1	5	1	1	4	2	4
AT1G09970.2	5.99992	8.99935	0.155639	6	5.96369	18
AT1G10020.1	4	1	3	2	8	6
AT1G10095.1	43.19	21.0205	14.557	14.8411	90.6218	39.6623
AT1G10170.1	1	4	3	4	6	6
AT1G10470.1	5	3	2	6	2	3
AT1G10550.1	0	0	1	0	7	8
AT1G10760.1	22	20	14	21	12	10
AT1G10960.1	42	36	48	35	32	20
AT1G11260.1	32	38	27	38	22	20
AT1G11310.1	3	6	3	6	9	6
AT1G11430.1	7	1	4	4	6	5
AT1G11650.2	10	6.85497	6.89203	6.28381	15	9.46
AT1G11720.2	1	2	7	4	0	4
AT1G11860.1	0.00761363	75.4308	78.1932	75.0291	37.9999	40.9997
AT1G11910.1	29	16	25	23	20	22
AT1G12090.1	24	46	46	42	14	15
AT1G12240.1	5	5	4	2	12	9
AT1G12410.1	3	6	4	5	4	4
AT1G12780.1	10	8	9	8	7	1
AT1G12800.1	7	8	19	12	11	10
AT1G12900.1	0.000153064	24.5946	0.00142577	2.26517	23.2044	13.0099
AT1G12920.1	5	3	1	6	3	3
AT1G13110.1	0	4	6	1.19013	5	3
AT1G13190.1	3	4	4	2	5	5
AT1G13210.1	7	9	0	5	9	11
AT1G13245.1	5	2	2	7	0	2
AT1G13260.1	6	7	4	5	1	7
AT1G13440.1	33.2171	47.489	33.217	33.2171	53	55.3657
AT1G13930.1	19	21	18	18	2	1
AT1G14320.1	0	14.1285	12.4201	20.6431	5.42759	9.80099
AT1G14345.1	7	8	0	5	5	7
AT1G14610.1	4	3	2	4	6	6
AT1G14740.1	6	9	3	12	10	7
AT1G14810.1	2	1	3	2	4	4
AT1G14880.1	14	5	7	7	3	4
AT1G15130.1	5	3	3	2	4	5
AT1G15140.1	7	7	8	4	6	4
AT1G15290.1	7	7	9	12	13	8
AT1G15340.1	8.99992	0	6	5	0	0
AT1G15500.1	5	5	5	12	15	7
AT1G15690.1	51	43	44	51	61	40
AT1G15740.1	0	4	1	3.43273	9	5
AT1G15750.1	0	4.70469	6.07325	4.18392	0	5.53876
AT1G15820.1	184	170	172	174	97	115
AT1G15930.2	5	13	3	3	2	9
AT1G15980.1	16	17	14	13	10	13
AT1G16080.1	16	17	14	11	4	3
AT1G16180.1	6.58147	4.06231	4.09381	5	3.25794	4.95759
AT1G16320.1	6	2	2	1.44646	6	0
AT1G16720.1	12	10	10	13	9	14
AT1G16880.1	21	23	18	33	30	33
AT1G17080.1	7	4	3	1	2	4
AT1G17210.1	1	3	2	5	6	7
AT1G17220.1	22	30	16	26	26	14
AT1G17290.1	6	11	6	14	7	8
AT1G17360.1	4	2	2	4	4	6
AT1G17620.1	3	6	7	4	2	5
AT1G18020.1	0	10	1.78437	6	9	4.99948
AT1G18060.1	5	1	4	6	2	4
AT1G18080.1	12	10	9	8	10	11
AT1G18540.1	2	9	2	5	4	1
AT1G18720.1	6	5	6	6	6	1
AT1G19000.1	3	0	8	1.93857	9	9
AT1G19150.1	10	6	9	10	6	3
AT1G19450.1	6	10	11	9	4	4
AT1G19660.1	11	13.4299	8.22253	8.25701	9	7
AT1G19720.1	3	4	6	7	5	6
AT1G19740.1	13	3	8	4	1	4
AT1G19770.1	16	16	16	16	11	3
AT1G19910.1	2	3	5	6	5	0
AT1G19920.1	3	6	3	1	8	2
AT1G20010.1	7	9	1	6	5	2
AT1G20020.1	84.9901	81	79	80.9939	45.255	53
AT1G20110.1	7	6	3	7	7	2
AT1G20260.1	7	11	7	8	7	5
AT1G20330.1	6	8	8	4	3	5
AT1G20340.1	371	451	418	419	216	188
AT1G20440.1	9	12	7	8	6	3
AT1G20450.1	11	0.859011	10	0.648576	0.679109	1.2642
AT1G20510.1	6	6	4	5	3	1
AT1G20620.1	110.543	0	66.3257	176.735	44.2153	0
AT1G20630.1	7	2	3	6	1	5
AT1G20693.1	0.00900915	14	0.0295464	7	0.0108334	0.0165849
AT1G20780.1	3	1	3	2	5	4
AT1G20970.1	1	2	5	5	7	6
AT1G20980.1	5	5	3	6	10	9
AT1G21065.1	6	8	9	4	5	6
AT1G21130.1	19.0033	18.6172	20.7259	21.9552	4.78109	10.5349
AT1G21250.1	10.3471	10	8.54771	12.5793	27.2064	23.719
AT1G21270.1	2.65289	2	5.37357	8.42072	8.49576	12.8586
AT1G21310.1	7	7	13	6	9	9
AT1G21500.1	9	12	11	8	13	7
AT1G21580.1	7	5	2	8	3	4
AT1G21680.1	12	17	16	13	14	5
AT1G21910.1	9	10	7	7	6	5
AT1G22190.1	6	6	8	7	11	8
AT1G22410.1	5	4	4	10	4	5
AT1G22530.1	5	5	3	5	7	8
AT1G22710.1	14	14	11	11	7	11
AT1G22850.1	10	10	8.80283	11	11	4
AT1G22882.1	2	5	3	6	6	6
AT1G22930.1	13.8946	0	13.8941	11.9999	0	11.9999
AT1G23030.1	3	3	2	2	7	8
AT1G23130.1	29	45	32	31	32	30
AT1G23290.1	3.55535	4	4.63356	5.36319	5	3.87906
AT1G23310.1	193	216.984	207.999	233	226	173.745
AT1G23390.1	14	11	13	12	13	15
AT1G23490.1	7.88253	11	5	9	9	5.51732
AT1G23740.1	13	4	6	13	3	6
AT1G23820.1	1.82663	5.42771	2.73007	3.65141	2.7191	3.6651
AT1G23870.1	11	7	3	6	5	2
AT1G24147.1	3	2	3	5	4	8
AT1G24170.1	6	5	5	2	6	13
AT1G25098.2	9.38914	3.37286	7.51132	3.17732	0	0
AT1G25440.1	7	13	11	20	2	3
AT1G25490.1	3	5	6	0	4	3
AT1G25550.1	6	6	6	10	6	6
AT1G25560.1	6	5	2	11	6	2
AT1G26150.1	11	5	4	7	5	3
AT1G26270.1	6	6	9	9	4	7
AT1G26580.1	4	6	5	6	7	4
AT1G26630.1	19	18	18	21	14	16
AT1G26880.1	7	3	4	6	2	4
AT1G27090.1	7	5	5	11	1	4
AT1G27100.1	11	15	7	11	4	7
AT1G27320.1	2	7	1	1	3	4
AT1G27400.1	3	2	5	2	4	4
AT1G27540.1	9	0	7.18101	11.9619	0	0
AT1G27730.1	9	7	8	8	11	10
AT1G27770.1	6	0	0	12	10	4
AT1G28140.1	6	4	5	5	3	8
AT1G28380.1	8	7	6	5	4	6
AT1G28600.1	5	2	1	7	2	0
AT1G29070.1	5	4	7	5	10	3
AT1G29340.1	8	6	4	13	3	4
AT1G29370.1	3.6567	3.10755	2	6	6	0
AT1G29400.1	5	3	2	1	4	4
AT1G29660.1	6	2	7	5	4	3
AT1G29670.1	7	9	10	5	9	4
AT1G29690.1	3	4	8	5	3	6
AT1G29700.1	6	8	4	3	5	1
AT1G29880.1	6	3	6	4	8	8
AT1G29900.1	8	4	5	6	7	10
AT1G29910.1	708.226	715.561	672.634	682.705	369.119	360.487
AT1G29920.1	424.693	461.352	485.997	425.676	338.933	348.074
AT1G29930.1	1337.14	1412.9	1290.11	1249.47	981.442	1011.44
AT1G30120.1	0	6	8	9	4	3
AT1G30230.2	16.3628	0	14.0829	14.7731	12.3619	0
AT1G30360.1	16	15	18	16	15	15
AT1G30380.1	122	159	156	144	110	101
AT1G30400.1	0	7	9	4	10	9
AT1G30580.1	4	6	5	3	5	4
AT1G31130.1	11	12	11	10	3	3
AT1G31330.1	201	224	226	256	127	121
AT1G31420.1	1	3	5	4	5	6
AT1G31540.2	4.78346	4	5	5	15.3982	6
AT1G31580.1	27	34	25	34	0	1
AT1G31730.1	1	2	4	2	5	11
AT1G31800.1	10	5	4	6	4	7
AT1G31812.1	10	17	9	12	3	7
AT1G32050.1	1	2	6	2	3	5
AT1G32060.1	85	99	92	101	64	65
AT1G32080.1	27	27	30	39	17	24
AT1G32130.1	3	5	2	0	7	6
AT1G32160.1	3	2	6	3	4	4
AT1G32400.1	3	6	5	2	1	4
AT1G32470.1	27	30	32	21	26	14
AT1G32500.1	5	4	3	1	5	2
AT1G32640.1	3	2	6	0	6	6
AT1G32920.1	10	10	11	7	5	4
AT1G32990.1	10	10	11	12	3	7
AT1G33120.1	13.4235	4.8601	15.3414	11.337	5.84478	8.12422
AT1G33140.1	5.57652	13.1399	11.5697	11.663	9.15522	7.56357
AT1G33240.1	22	13	13	19	9	11
AT1G33590.1	5	3	2	5	4	11
AT1G33680.1	2	4	6	6	4	2
AT1G34000.1	9	6	11	8	4	5
AT1G34190.1	5	2	4	7	0	0
AT1G34430.1	8	4	6	3	4	5
AT1G35140.1	8	7	7	10	8	7
AT1G35680.1	17	11	12	12	8	8
AT1G35720.1	6	3	4	4	9	5
AT1G36160.1	4.99999	8.99998	8.99999	7.99999	0	7.99999
AT1G36320.1	5	3	4	5	6	1
AT1G36370.1	6	7	3	8	8	4
AT1G36730.1	1.5	4.5	4.5	4	6	6.5
AT1G36732.1	1.5	4.5	4.5	4	6	6.5
AT1G37130.1	155	160	164	175	165	151
AT1G41880.1	3.07383	6.30684	3.74018	4.41848	4.66746	4
AT1G42550.1	15	19	5	15	8	9
AT1G42960.1	3	8	5	6	5	3
AT1G42970.1	186.582	193	177.526	189	309.75	263
AT1G42990.1	5	7	3	1	5	5
AT1G43670.1	12	17	20	19	16	16
AT1G44446.1	5	8	2	3	6	2
AT1G44575.1	80	108	75	86	76	55
AT1G44920.1	3	0	4	4	4	4
AT1G45688.1	6	3	4	5	7	2
AT1G47128.1	24	27	41	23	24	19
AT1G48030.1	9.40811	22	17.2883	17.3574	16.4846	14.5359
AT1G48090.1	10	11	4	8	8	10
AT1G48300.1	18	25	24	20	13	14
AT1G48350.1	9	12	12	6	14	6
AT1G48450.1	0	0	8	0	6	3
AT1G48920.1	17	13	14	17	11	14
AT1G49240.1	9	9	2	10	10	15
AT1G49500.1	14	12	11	19	4	0
AT1G49750.1	19	11	24	16	6	11
AT1G49970.1	12	19	13	12	13	9
AT1G50010.1	5.20239	3.82162	2.35995	1.19151	6.64465	6.59175
AT1G50020.1	0	0	2	7	2	4
AT1G50040.1	5	6	5	3	2	3
AT1G50200.1	7.99613	11.9918	11.9934	13.9931	6.99554	10.9953
AT1G50250.1	22	27	29	23	27	19
AT1G50320.1	8	7	12	12	13	7
AT1G50480.1	6	8.32487	5	6	6	13
AT1G50900.1	3	7	9	6	4	4
AT1G50920.1	3	2	1	6	5	3
AT1G51110.1	5	4	1	3	7	6
AT1G51200.1	5.05673	5	9.50975	5.05673	4.16248	8
AT1G51400.1	38	36	29	25	8.15244	8.60197
AT1G51402.1	0	0	0	0	6.7953	10.398
AT1G51500.1	4	3	4	6	4	1
AT1G51570.1	4	7	4	7	5	1
AT1G51650.1	5	1	6	3	2	4
AT1G52220.1	10	8	8	0.235793	0.187764	0
AT1G52230.1	69	85	60	74	34	25
AT1G52300.1	8	4	6	3	5	8
AT1G52510.1	6.85917	7	6.85917	6	3	5
AT1G52870.2	0	0	0	0	10	12
AT1G53210.1	14	15	12	23	12	9
AT1G53230.1	3	4	4	10	8	2
AT1G53240.1	10	9	17	13	6	7
AT1G53310.1	4.93465	4.92095	3.9437	3.94716	12.8019	6.9146
AT1G53430.1	2	6	6	4	4	2.47598
AT1G53750.1	4	4	4	9	6	5
AT1G54040.2	51.0045	82.9998	68.0061	81	17.0015	51.0045
AT1G54270.1	5.99875	11.8986	6	0	2	0
AT1G54320.1	3	4	2	2	5	4
AT1G54350.1	6.31788	0	7	3	4	6
AT1G54410.1	72	69	85	94	21	28
AT1G54500.1	4	12	7	7	5	2
AT1G54520.1	5	4	7	4	3	3
AT1G54630.1	5	2.70446	2.74441	2	5	5
AT1G54780.1	16	21	26.9656	30	23	21
AT1G55330.1	3	4	7	8	5	0
AT1G55450.2	5	4	2	3	8	3
AT1G55480.1	11	14	13	28	15	9
AT1G55490.1	19.4999	1.45756e-08	22.6382	21.9249	23.584	23.8407
AT1G55670.1	192	196	213	199	93	77
AT1G55850.1	3	5	8	5	6	8
AT1G56045.1	12	7	12	12	4	2
AT1G56070.1	44	45	38	33	61	53
AT1G56120.1	6	5	8.89479	10	5.84206	6
AT1G56190.1	13.0663	14.0711	0	0	16.2326	0
AT1G56280.1	1.81899	24	2.43259	25	15	11
AT1G56340.1	9	9.67642	6	0	16.6271	10.6989
AT1G56500.1	6	7	7	7	6	4
AT1G56510.1	14	21	16	12.8274	53.8974	48.5692
AT1G57660.1	0	0	5.88779	6.9234	5.91047	0
AT1G57680.1	10	11.9956	0	0	6	12.8048
AT1G57860.1	8	6	2.11221	0	0	2
AT1G57990.1	22	33	24	21	25	21
AT1G58030.1	1	6	3	4	2	6
AT1G58080.1	8	9	5	7	2	4
AT1G58200.1	6	0.999999	1	8	5	4
AT1G58290.1	9.90148	10	7	11	14	13
AT1G59610.1	3	2	2	1	5	7
AT1G59870.1	69	48	77	64	117	110
AT1G59900.1	1	1	6	6	4	2
AT1G60200.1	4	12	11	4	5	5
AT1G60870.1	3	7	7	3	4	6
AT1G60950.1	143	152	147	137	61	73
AT1G61100.1	16	11	16	19	15.9999	4.99999
AT1G61190.1	5.38612	0	4.31361	5.59637	7.75909	3.60921
AT1G61250.1	5	3	2	5	5	5
AT1G61520.1	351	376	357	382	108	104
AT1G61740.1	8	6	9	5	1	1
AT1G62180.1	7.55315	0	0	18	15.1063	23
AT1G62380.1	12	8	14	13	26	15
AT1G62390.1	8	12	7	2	7	3
AT1G62750.1	31	38.8725	45.9701	48	49	36
AT1G62780.1	7	7	4	6	6	2
AT1G63940.2	0	1.6667e-08	6.99581	2.9984	0	5.99721
AT1G64370.1	6	11	8	11	5	2
AT1G64430.1	5	5	8	5	0	3
AT1G64510.1	7	10	14	9	10	10
AT1G64520.1	2	2	2	2	6	4
AT1G64680.1	7	3	7	3	7	5
AT1G64720.1	47	56	47	53	35	44
AT1G64860.1	1.99953	4.99828	2.99918	9	3.99872	2.99938
AT1G65010.1	3	6	7	4	5	3
AT1G65260.1	8	9	11	10	3	7
AT1G65440.1	14	14	7	0.00296451	0.00628025	0
AT1G65490.1	5	5	6	6	3	5
AT1G65720.1	10	10	10	7	4	6
AT1G65930.1	18	23	26	26	24	18
AT1G65960.2	6.42918	6.42918	0	9.64377	9.64377	3.21459
AT1G66150.1	7	7	4	13	8	9
AT1G66180.1	23	16	15	30	16	8
AT1G66200.3	0.885419	2.88316	14.2125	4.77269	5.33144	0
AT1G66580.1	7	8.39692	4.57989	4.18328	2	2.19901
AT1G66670.1	4	7	6	8	9	2
AT1G66880.1	4	4	2	2	5	5
AT1G66980.1	0	0	3.79892	3.06714	4.88998	4
AT1G67090.1	2526.72	2632.23	2682.28	2693.67	2261.07	2150.15
AT1G67120.1	1	6	3	6	4	3
AT1G67230.1	11	12	10	9	8	9
AT1G67280.1	12.9028	17	13	24	8	7
AT1G67430.1	18	12	10.5472	10.5472	0	0
AT1G67700.2	12	9.63212	0	4.84	11	10
AT1G67740.1	106	106	98	95	42	50
AT1G67840.1	5.7713	3	5.74384	2.47174	0.81627	3.31221
AT1G67865.1	5	13	5	9	1	2
AT1G67870.1	20	21	15	23	23	14
AT1G68010.2	25.7752	16.1627	5.16326	46.7752	30.7752	0
AT1G68440.1	8	10	9	6	4	5
AT1G68520.1	22	24	23	33	28	17
AT1G68530.1	12	11	7	7	9	8
AT1G68560.1	6	6	6	6	7	8
AT1G68590.1	4.04301e-05	13	15	2.43333e-05	20	13
AT1G68830.1	6	4	8	10	4	3
AT1G68840.1	5	7	2	5	5	3
AT1G68890.1	3	1	5	6	4	2
AT1G69410.1	2	3	6	7	3	5
AT1G69620.1	6	4	7	7	6	4
AT1G69830.1	5	16	8	16	6	4
AT1G69850.1	3	5	5	11	6	2
AT1G69870.1	4	6	9	5	10	5
AT1G70160.1	5	7	5	6	3	7
AT1G70200.1	5	3	4	8	2	2
AT1G70290.1	16	17	16	25	19	19
AT1G70320.1	11.7237	12.1835	10.0749	10.7291	15.6164	17.4506
AT1G70410.2	0	11	0	7	0	8.50078
AT1G70580.1	7.99966	3.01595	1.9999	0	9.99939	0.999964
AT1G70600.1	11.4446	4	12.3664	11.6368	4	6.12094
AT1G70700.1	5	4	0	6	0	0
AT1G70760.1	11.9431	9.15588	12	7.32847	16.3551	12.4862
AT1G70780.1	5	3.5	4	6.5	4.5	3.5
AT1G70782.1	5	3.5	4	6.5	4.5	3.5
AT1G70820.1	3	5	6	7	2	5
AT1G70940.1	8	4	10	7	6	4
AT1G71040.1	4	2	3	3	5	9
AT1G71500.1	8	9	11	12	17	19
AT1G71880.1	7	13	7	7	12	5
AT1G72150.1	30	29	22	35	32	25
AT1G72370.1	0.000553362	0.00117404	0.000896117	23	17	0.00047172
AT1G72430.1	12	19	9	14	4	6
AT1G72450.1	3	14	14	14	9	6
AT1G72520.1	5	9	7	5	4	5
AT1G72610.1	34	66	53.0792	66	50	65
AT1G72710.1	2	7	7	4	5	4
AT1G72900.1	2	2	0	8	19.7987	8
AT1G72910.1	6.00702	3.82513	5.20913	4.75288	6.76389	13.2147
AT1G72930.1	8.99298	31.1749	22.7909	23.2471	28.2361	16.7853
AT1G73030.1	9	4	2	5	4	2
AT1G73060.1	7	4	5	5	5	4
AT1G73110.1	3	6	6	2	6	5
AT1G73230.1	2	7	7	2	9	2
AT1G73600.2	28	15	10	19	11	7
AT1G73655.1	8	4	7	8	12	5
AT1G73885.1	7	3	2	7	6	6
AT1G73990.1	4	4	7	3	5	2
AT1G74050.1	10.7571	11.8372	10.9033	8.88184	13	3
AT1G74230.1	7	2	9	6	3	6
AT1G74260.1	2	8	1	3	4	7
AT1G74380.1	5	6	4	3	4	3
AT1G74470.1	73	78	75	72	59	71
AT1G74670.1	12	17	16	18	4	5
AT1G74730.1	9	9	13	5	9	13
AT1G74970.1	9	12	8	11	5	9
AT1G75100.1	6	6	1	2	4	3
AT1G75220.1	3	6	2	4	5	5
AT1G75280.1	2	2	7	5	11	7
AT1G75310.1	5	8	3	7	3	4
AT1G75330.1	5	5	5	4	5	3
AT1G75350.1	18	18	10	19	6	4
AT1G75460.1	7	9	11	5	8	5
AT1G75500.1	5.66491	0	8	0	4	0
AT1G75660.1	1	0	4	7	11	6
AT1G75690.1	8	8	12	9	10	5
AT1G75750.1	0	8	9	7	8	8
AT1G75840.1	1	3	2	2	6	4
AT1G75950.1	6	2	2	7	5	3
AT1G76010.1	8	13	5	5	12	7
AT1G76030.1	1	7	4	8	4	2
AT1G76080.1	22	26	15	22	14	11
AT1G76100.1	16	11	2	17	7	8
AT1G76110.1	1	6	2	8	3	5
AT1G76160.1	5	13	3	10	22	12
AT1G76200.1	8	6	4	6	2	3
AT1G76450.1	5	8	5	3	2	6
AT1G76490.1	16	16	14	31	17	13
AT1G76730.1	5	4	4	1	3	6
AT1G76810.1	10	10	14	13	13	8
AT1G76850.1	1	6	3	0	6	4
AT1G76890.2	3.98634	0	7	0	3.9858	3
AT1G77180.1	6	6	0	0	0	4
AT1G77490.1	11	9	11	9	8	9
AT1G77760.1	25	26	23	22	17	16
AT1G77940.1	3	9	6	2	6	6
AT1G78020.1	6	4	6	4	2	1
AT1G78080.1	6	2	9	3	5	3
AT1G78300.1	5	2	3	5	7	4
AT1G78370.1	10	11	12	9	7	16
AT1G78380.1	20	11	24	22	19	19
AT1G78630.1	14	11	9	17	15	13
AT1G78820.1	1.04105	1.03777	4.28106	3.10536	4.40035	4
AT1G78830.1	22.9589	24.9622	24.7189	24.8946	16.5997	18
AT1G78850.1	11	13	13	11.6232	14	7.85845
AT1G78900.1	13	19	20	25	23	18
AT1G78920.1	5	0	2	3	6	5
AT1G79040.1	464	448	457	478	325	345
AT1G79230.1	1.79413	4	2.68062	1.79314	4.44824	3.60098
AT1G79245.1	32	38	37	39	20	19
AT1G79340.1	3	8	5	3	8	7
AT1G79440.1	7	5	2	3	5	3
AT1G79550.1	3.68629	0	0	5.52677	17.3835	5.54638
AT1G79560.1	4	8	4	4	4	4
AT1G79600.1	3	8	12	10	6	6
AT1G79750.1	12	15	5	8	9	10
AT1G79850.1	24	22	19	33	17	24
AT1G80070.1	12	19.9488	13	10	16.9397	20
AT1G80300.1	4	2	7	6	4	2
AT1G80380.2	5.82789e-06	11.7608	11.7739	0	11.7739	14
AT1G80440.1	6	12	11	12	4	2
AT1G80480.1	6	6	10	12	3	4
AT1G80600.1	3	2	9	6	6	6
AT1G80920.1	17	18	16	17	11	4
AT1G01060.3	0	3	0	3	4	8
AT1G01080.1	5.21531	3.43719	1.73087	2.60605	6.8902	1.7453
AT1G01100.3	8	3	6.53081	0.00330544	3.53317	0
AT1G01140.1	0.916346	3.62794	0	4.57925	6	4.59747
AT1G01320.2	0.2343	0.274307	0.297553	24	0	29
AT1G01540.1	4.97179	5.95741	4	2.98286	5.95927	0
AT1G01550.2	8	8.99999	10	6	6	4
AT1G01620.2	5.0401e-08	0	0	9	11	17
AT1G02500.2	5.5	5	6.5	7.31012	4.5	0
AT1G02840.3	1.87377	2.78813	0.934059	2.80947	6.51629	7.51529
AT1G02850.1	0.989025	0	5.92886	1.97781	3.94848	3.95914
AT1G02890.2	3	0	1	2	6	5
AT1G03630.2	10.9986	0	0	12.9984	6.99881	2.99968
AT1G04080.1	2	0	0	4	6	7.60666
AT1G04140.1	4.90243	4.88421	4.8957	1.9606	7.82079	8.83493
AT1G04300.4	5.99995	5.99991	6.99993	4.79437	1.99997	4.99997
AT1G04430.2	0	4	3	1	5	7
AT1G05570.2	5	3	0	2	7	2
AT1G05960.1	0	2.99997	2.99998	0	7.99993	4.99998
AT1G06220.1	1	8	0	6	3	2
AT1G06680.2	140.199	167.199	139.91	257.777	84.1327	105.711
AT1G07010.1	7.93824	5.94255	6.94123	4.96093	5.99996	4.96429
AT1G07280.2	6	2	6	0	3	7
AT1G07320.3	4.30476	6.22626	14.516	0.00159907	0	0
AT1G08550.2	5	0	9	2	5	5
AT1G08930.2	24	34	43	18	31	31
AT1G09130.1	1.23589e-07	11	0	0	18	5.7805e-08
AT1G09570.2	3	4	0	8	6	7
AT1G09640.2	5.62721	3.25442	5.62721	0	2.31194	7
AT1G09970.1	7.66186e-05	0.000667212	10.2294	2.40756e-06	11.432	6.62556e-08
AT1G10390.2	4	6	8	5	7	5
AT1G10670.1	6.99848	3.566	3.99899	3.99911	10	6.99867
AT1G10940.1	0.999763	3.99862	7.99781	1.99952	0.99968	4.62128
AT1G11840.3	4	0	4	8	8	11
AT1G11860.2	89.9924	4.56919	6.80684	3.97091	0.000101409	0.000301458
AT1G12900.3	89.7661	33.3427	38.2685	54.5231	56.4856	62.99
AT1G12900.4	10.6519	49.0627	57.8561	46.1898	2.55974	2.85042e-06
AT1G13060.1	6	1	3	3	3	5
AT1G13440.2	17.262	0	9.51244	11.2524	0	0
AT1G14320.2	13	2.47461	0	0.173574	4.57241	0
AT1G14400.2	0	0	6	5	1	6
AT1G15340.2	8.43803e-05	7	0	0	1	7
AT1G15750.4	7	3.83879	4.92675	3.38335	0	4.46124
AT1G17470.2	3	5	5	6	4	5
AT1G17720.2	1.02796	2.06087	2	6.13106	7.34091	2.02908
AT1G18210.2	0	3	5	0	8	4
AT1G18620.1	0.996195	4.97563	4.97905	1.99228	6.96748	3.98608
AT1G18730.3	0	6.82887	2.93383	5.87489	2.92902	1.96113
AT1G19000.2	0	7	0	8.06143	0	0
AT1G19350.6	0	4	3	6	4	7
AT1G19835.2	2	8	10	2	4	7
AT1G20620.5	56.4574	188	128.674	28.2651	21.7841	41
AT1G20696.1	0.560104	8	0.377314	3.5	0.515912	9
AT1G20960.2	0	2.99988	4.99985	5.99985	8.99967	9.99979
AT1G21630.1	6.99998	2.99998	0.999996	12	5.99997	4.99999
AT1G21640.1	6	4	3	4	7	3.75528
AT1G22280.1	3	6	4	6	6	5
AT1G22300.2	1	7	6	5	5	3
AT1G22430.2	5	2	2	3	7	3
AT1G22690.3	8	0	4	0	2	5
AT1G22700.2	6.63908	6.49725	1.86757	8.42996	8.37009	2.82027
AT1G22930.2	4.10541	9	2.10591	7.18883e-05	10	5.97586e-05
AT1G23020.1	3.996	6.99046	3.99549	2	4	3.99642
AT1G25400.2	3	6.99999	6.99999	5	3	2
AT1G26110.2	5.98956	4.98845	7.98445	6.98762	5.98688	6.989
AT1G26850.3	5	3	1	4	9	5
AT1G27290.2	4.99999	3.99999	7.99998	4.99999	0.999997	2
AT1G27450.2	0	3	2	3	7	5
AT1G27770.2	0	9	8	0	0	0
AT1G29470.2	3	7	11	10	10	7
AT1G30230.1	3.29635	23.8204	2.91711	2.98795	2.63812	14.0892
AT1G32200.2	3	2	0	4	5	4
AT1G32230.2	6.49589	7.13135	2.87371	2.88516	4.28896	4.34906
AT1G35420.1	3	3	5	6	1	4
AT1G43170.3	0	11.9945	6.07694	0	16.5335	0
AT1G43170.4	9.4893	0	4.9563	0	0	7
AT1G45474.2	9	6	5	4	1.68165e-06	2.45886e-06
AT1G48030.2	3.59189	0	6.71174	6.64265	6.51544	5.46409
AT1G48410.3	4	6	2	4	4	5
AT1G48600.1	10	4	9	6	6	5
AT1G50430.2	6.48373	0.918145	0.923188	3.70327	5.51869	1.85798
AT1G51805.2	5	2	5	0	4	2
AT1G51980.2	1.93285	1.9224	0	8.6954	0	8.71327
AT1G52870.1	11	11	8	7	0	0
AT1G54040.1	23.9955	0.000196943	26.9939	0	93.9985	105.995
AT1G55860.2	10.2763	8.81653	16.9251	8.27087	24.3836	19.5494
AT1G56190.2	0	0	14	16.2301	19.9416	22
AT1G56200.2	2.99994	5.99982	8.9998	5.99988	0	8.99986
AT1G56220.1	10.6511	15.4111	13.5294	13.5522	8.67818	4.84969
AT1G56280.2	15.181	0	19.5674	0	0	0
AT1G57680.2	0	0.00437586	10	15	0	0.195232
AT1G57720.2	7.98806	7.98404	11.9799	7.97082	0	14.9798
AT1G58250.1	2	5.99999	2	3	3	6
AT1G58602.2	5.54417	4.28631	6	0	0	0
AT1G62180.2	8.44685	15	13	0	12.8937	0
AT1G63770.1	6.52616	0	11.361	13.0427	0	13.9341
AT1G63770.4	1.43181	11.6013	2.5591	2.87228	18.3872	2.98318
AT1G63940.4	7	8	0	0	2	0
AT1G64230.2	0	0	0	3.99998	7.99995	5.99998
AT1G64770.1	0	0	0	5.20297	5.20297	5
AT1G64790.1	5.99878	3.99881	6.99835	5.99876	10.997	5.99894
AT1G65440.2	0	0	0	7.99704	12.9937	0
AT1G65960.1	1.57082	4.57082	9	3.35623	2.35623	5.78541
AT1G66160.2	5	6	4	5	6	1
AT1G66200.1	20.1146	20.1168	6.70561	14.2333	0	16.8416
AT1G66410.1	4	4	7	6	7	7
AT1G66970.1	22	19	22.8925	30.9329	12	11
AT1G68010.1	35.2248	52.8373	52.8367	35.2248	35.2248	41
AT1G68590.2	12	0	0	6.99998	0	0
AT1G68660.2	5	5	1	0	6	1
AT1G69510.3	0	0.994769	6.96846	3.98339	2.98504	3.985
AT1G69740.2	9	10	0	10	14	5
AT1G69840.3	5.75403	0	5.75401	5.75424	0	3.51842
AT1G70370.2	7	12	11	0	10	12
AT1G70410.1	13	0	10	0	11	4.49922
AT1G70490.2	10	2	8	5.85785	6	7
AT1G70620.1	4	0	0	11	4	3
AT1G70730.1	11	5	8	8	10	0
AT1G70770.2	8.26678e-06	7.24487	0	6.67153	7.64491	4.51378
AT1G72370.2	10.9994	14.9988	14.9991	0	0	10.9995
AT1G74910.2	0	6	7	5	7	8
AT1G74920.2	2.99648	1.99683	4.99341	11.9857	7.98805	5.99369
AT1G75380.2	0.0166134	12.1813	0.0216181	0.0161012	0	16
AT1G75380.3	25.9834	6.38879	29.7559	24.7269	18	0
AT1G76180.2	6.99997	6.99995	14.9999	15.9999	11.9999	5.99998
AT1G76680.1	9	8.52542	8	4	3	3
AT1G78040.2	12	9	3.07842	11	8	8
AT1G78240.2	1.95901	0.975737	5.86869	0	2.92956	4.90361
AT1G79280.1	3.99966	1.99974	7.99921	4.99957	3	7.99942
AT1G79920.2	5.42076	9.97056	5.2555	10.4844	0	9.63068
AT1G80380.4	6.09433	0	0	23	0	0
ATMG00020.1	19	18	17	19	2	2
ATMG01390.1	41.023	40	43.0695	37.0197	5	8
AT3G01120.1	7	22	18	13	18	21
AT3G01280.1	3	4	4	7	8	3
AT3G01290.1	22	21	34	25	20	17
AT3G01370.1	9	6	2	5	4	5
AT3G01480.1	11	20	10	12	8	12
AT3G01500.2	27.0051	15.7701	1.65531	0.00503193	0.0285761	0
AT3G01910.1	6.66719	0	6.66719	0.489354	3	0
AT3G02080.1	3	9	2	6	8	5
AT3G02140.1	6	3	4	8	2	5
AT3G02170.1	5	6	4	5	7	5
AT3G02260.1	19	17	13	17	21	18
AT3G02350.1	2	1	0	3	5	4
AT3G02730.1	9	6	12	19	10	9
AT3G03380.1	3	5	3	5	4	4
AT3G04120.1	19.5209	17.511	17.2705	17.5305	25	27.6343
AT3G04210.1	11	6	7	9	11	10
AT3G04240.1	0	6	4	1	8	3
AT3G04340.1	5	3	9	6	1	6
AT3G04400.1	8.91144	15	8.91144	0	0	0
AT3G04470.1	5	2	1	4	4	4
AT3G04550.1	10	10	17	16	3	11
AT3G04720.1	0	3	0	1	6	6
AT3G04730.1	4	6	4	8	2	4
AT3G04790.1	11	17	16	22	12	8
AT3G04840.1	9	8	9	8	8	17
AT3G04870.1	9.99588	2.99825	6.9967	5.99748	8.9951	2.99891
AT3G04920.1	1	7	5	6	1	4
AT3G05530.1	5	3	3	7	6	8
AT3G05590.1	7	6	7	8	8	4
AT3G05730.1	1	4	5	7	4	4
AT3G05900.1	9	5	2	5	5	0
AT3G06070.1	5	3	8	12	4	3
AT3G06080.2	0	7	7	9	3	5
AT3G06500.1	1	6	3	6	3	2
AT3G06510.2	0	7	4	5	0	7
AT3G07100.1	6	4	2	5	3	10
AT3G07160.1	6	7	5	6	2	1
AT3G07430.1	9	7	2	12	7	5
AT3G07460.2	0	8.99998	7.99999	7.99999	4.99999	5.99999
AT3G07470.1	3	4	4	4	5	7
AT3G07560.1	10	3	5	9	10	9
AT3G07780.1	7	9	10	9	13	8
AT3G07790.1	12	5	7	1	3	6
AT3G08010.1	5	5	3	6	4	1
AT3G08030.1	7	6	6	7	6	4
AT3G08510.1	7	4	0	0	6	7
AT3G08530.1	5.60035	10.4414	17.1986	14.3129	20.5621	14.4441
AT3G08590.1	6	5.11795	4	0	4	4
AT3G08610.1	4	3	7	7	2	2
AT3G08650.2	2	3	3	0	4	7
AT3G08740.1	7	14	9	11	7	6
AT3G08850.1	5	4	3	6	7	5
AT3G08940.2	60	51	63	50	36	36
AT3G09200.1	13.0012	18	20	19	18	7
AT3G09210.1	2	10	1	1	2	5
AT3G09390.1	38	46	43	53	17	13
AT3G09500.1	2	4	3.58648	8	2	8
AT3G09630.1	6.30282	15	11.4628	13.4045	13.6705	16.6823
AT3G09820.1	6	6	3	10	5.5979	5
AT3G09840.1	11	22	22	22	23	37
AT3G09860.1	5	4	2	3	9	5
AT3G10020.1	14	16	9	7	0	0
AT3G10060.1	4	3	5	2	8	5
AT3G10130.1	2	6	6	3	4	0
AT3G10350.2	6	7	3	3	2	3
AT3G10380.1	3	1	4	4	11	6
AT3G10410.1	4	3	6	4	13	5
AT3G10420.2	2	7	2	3	1	5
AT3G10520.1	3	1	8	7	3	1
AT3G10670.1	7	8	5	7	1	4
AT3G10720.2	14	3	10	7.85686	2	2
AT3G10850.1	2	5	6	4	2	6
AT3G10985.1	7	4	4	11	2	4
AT3G11130.1	13.3996	13.5586	11.8014	7.68708	16.4379	18.5559
AT3G11170.1	21.659	31.781	26.5325	33.7092	24.6168	29
AT3G11410.1	10	5	4	8	6	3
AT3G11510.1	4	3	8	1	4	5
AT3G11560.2	3.19395	3.19395	3	7	3	7
AT3G11630.1	48	58	46.8221	73	54	44
AT3G11700.1	16	18	13	9	9	6
AT3G11710.1	3	3	7	5	4	5
AT3G11910.1	1	5	2	8	5	3
AT3G12120.1	22	31.9796	15.9911	36.9998	23.9864	15.9911
AT3G12345.1	18	7	13	11	3	10
AT3G12400.1	1	6	2	3	4	2
AT3G12630.1	4	6	5	12	11	3
AT3G12780.1	180.934	180.929	199	204.77	174.826	175
AT3G12800.1	6	1	2	1	3	6
AT3G13070.1	6	5	2	4	5	5
AT3G13080.1	9	6.14848e-05	12	1.38256e-05	2.78211e-05	13
AT3G13120.1	7	7	12	8	7	13
AT3G13410.1	6	2	9	3	7	7
AT3G13470.1	10.6654	5.13158	4.14252	10	8	6
AT3G13520.1	7	1	3	4	4	7
AT3G13530.1	2	3	2	1.51375	5.63462	10
AT3G13670.1	4	4	0	5	6	7
AT3G13750.1	60	37	50	50	31	18
AT3G13870.1	3.01898	2.236	2.25334	6.03383	4.48309	8
AT3G13930.1	3	2	3	5	6	6
AT3G14050.1	0	2	2	1	6	4
AT3G14067.1	8	12	10	4	9	7
AT3G14270.1	4	2	4	2	6	6
AT3G14310.1	20	15	18	14	10	12
AT3G14420.1	53.8197	40.8644	53.8128	54.4673	0.0270795	40.4023
AT3G14620.1	1	9	2	13	11	8
AT3G14660.1	0	2	5	2	5.46644	6
AT3G14690.1	2	1.56905	4.71275	4.83297	6.57022	4
AT3G14840.2	4.71018	5.88773	7	5.88773	4	4
AT3G15190.1	14	21	16	10	10	8
AT3G15210.1	3	2	4	2	5	8
AT3G15353.1	68.5098	84.7309	81.7897	80.7965	22	28
AT3G15354.1	6	2	4	2	5	3
AT3G15356.1	4	4	2	4	7.5235	10
AT3G15360.1	20	33	25	24	19	9
AT3G15450.1	56.9997	50	66	49.8576	12	11.9984
AT3G15630.1	4	3	6	8	0	1
AT3G15730.1	13	15	12	20	26	21
AT3G15810.1	2	3	6	6	1	1
AT3G15840.1	0.000422486	14.763	0	0.000576224	0.00118912	28
AT3G15850.1	4	7	7	18	9	6
AT3G16000.1	4	2	5	8	7	0
AT3G16140.1	61	82	81	68	37	34
AT3G16240.1	37.873	32	39	37	15	7.71694
AT3G16290.1	7	1	3	1	2	5
AT3G16370.1	4	11	7	10	3	8
AT3G16530.1	0	0	2	1	7.4765	10
AT3G16570.1	5	8	2	0	1	4
AT3G16640.1	90	73	83	90	48	33
AT3G16670.1	8	3	2	11	0	4
AT3G16720.1	2	3	2	2	4	4
AT3G16770.1	3	9	3	3	11	8
AT3G16910.1	11	0	6	2	7	4
AT3G17020.1	5	9	4	9	5	3
AT3G17050.1	3	2	2	6	3	5
AT3G17390.1	29	42	24	34.8092	76.7438	63.8628
AT3G17410.1	1	6	3	5	9	9
AT3G17650.1	3	4	6	8	1	5
AT3G17930.1	5	4	2	5	6	5
AT3G18035.1	4	4	2	6	3	5
AT3G18050.1	7	7	8	7	1	3
AT3G18060.1	2	2	3	4	4	5
AT3G18080.1	6	10	4	11	5	10
AT3G18290.1	8	7	8	10	9	5
AT3G18390.1	3	9	14	14	8	3
AT3G18490.1	13	8	5	9	6	8
AT3G18740.1	3	7	5	7	8	7
AT3G18780.2	27.7435	24	18	27	37	20
AT3G18830.1	4	2	2	2	6	6
AT3G18890.1	13	14	9	13	8	12
AT3G19030.1	10	15	14	7	6	5
AT3G19480.1	8	2	1	0	1.10845	7
AT3G19680.1	15	17	10	12	14	9
AT3G19710.1	6	11	1	7	10	4
AT3G19760.1	5	7	4	1	3	5
AT3G19820.1	7.00506	6.23236	0	4.20038	8.32864	4.92362
AT3G19930.1	4	2	2	2	8	4
AT3G20050.1	1	1	4	2	7	4
AT3G20390.1	4	10	12	4	8	4
AT3G20410.1	5	2	1	3	3	4
AT3G20770.1	7.56637	10.1322	9	7.56637	9	5
AT3G21055.1	107	127	99	97	49	51
AT3G21200.1	4	6	3	2	4	1
AT3G21670.1	5	1	3	1	5	2
AT3G22060.1	5	10	3	7	1	0
AT3G22110.1	6	5	2	5	3	7
AT3G22120.1	21.2325	49.9283	32.1546	39.9426	45.8831	37.9455
AT3G22121.1	28.7675	14.0717	17.8454	8.05737	9.11692	9.0545
AT3G22231.1	9.9219	3.03708	8.99912	6.07416	39	49
AT3G22380.2	6.99316	0	0	0	23.9699	0
AT3G22440.1	11	14	10	11	3	12
AT3G22890.1	31	27.9613	28	40	35	31
AT3G22960.1	6	6	3	10	2	3
AT3G23000.1	4	7	0	2	5	1
AT3G23400.1	11	15	15	12	8	16
AT3G23450.1	8	11	7	10	2	6
AT3G23600.1	7	6	3	4	5	7
AT3G23700.1	9	11	7	7	6	3
AT3G23750.1	5	6	7	6	4	6
AT3G23810.1	3	8	9	7	4	4
AT3G23820.1	6	15	15	14	14	8
AT3G23920.1	8	21	14	15	26	24
AT3G23990.1	3	5	6	4	6	5
AT3G24050.1	2	2	3	8	4	0
AT3G24160.1	6	3	6	5	6	7
AT3G24190.1	9	5	8	10	2	4
AT3G24430.1	8	5	5	9	5	10
AT3G24480.1	2.03849	5	3	9	3.8774	5
AT3G24550.1	6	12	10	6	2	4
AT3G24830.1	11	5	10	8	4	9
AT3G25500.1	5	2	7	3	4	7
AT3G25520.1	9.47074	20.3591	16.8783	9.64095	13	4.82047
AT3G25530.1	6	5	7	0	0	0
AT3G25660.1	2	8	7	6	6	5
AT3G25690.1	31.9909	23.9902	29.9901	21	25.7268	0
AT3G25770.1	16	11	6	20	9	7
AT3G25920.1	16	25	30	35	20	19
AT3G26070.1	2	1	4	3	8	5
AT3G26420.1	9	8	3	5	5	9
AT3G26450.1	5	1.06128	1	2	2	5
AT3G26520.1	103	119	120	114	27	32
AT3G26570.1	12	0	0	0	0	13
AT3G26580.1	8	8	9	8	9	5
AT3G26650.1	129	153	132	153	128	117
AT3G26710.1	7	7	11	9	3	5
AT3G26730.1	4	4	0	5	5	5
AT3G26740.1	57	67	58	63	23	22
AT3G27090.1	6	4	2	9	4	7
AT3G27160.1	12	18	25	18	8	9
AT3G27690.1	40	35.1091	42.1238	34.1037	13	18
AT3G27820.1	6	8	7	10	5	12
AT3G27830.1	26.5832	35.3159	46.7788	31.3524	17.4869	20.7068
AT3G27850.1	27.4168	26.6841	17.2212	26.6476	19.5131	17.2932
AT3G27925.1	5	7	10	10	14	7
AT3G28180.1	10	6	14	13	6	13
AT3G28710.1	7.59891	11.8514	3.61095	1.20746	3.31394	0
AT3G28715.1	5.40109	1.62214e-07	1.12896e-07	1.75398e-07	7.68606	6
AT3G28860.1	2	6	6	9	4	4
AT3G28940.1	3.32057	1	4	2	8	6
AT3G29240.1	8.99995	6.99993	14.9999	15.9999	0	12.9999
AT3G29320.1	13	12	20	13	5	7
AT3G30390.1	9	11	9	5	5	7
AT3G30775.1	4	3	7	5	5	3
AT3G41768.1	1885	1901	1867.95	1956	224	193
AT3G41979.1	133.5	142	137	129	5.5	6
AT3G42050.1	3	6	7	12	14	5
AT3G44110.1	0	10.4019	11	15	12	10.4019
AT3G44260.1	3	4	7	8	1	5
AT3G44310.1	8.99895	7.34027	0	0	9.60088	8.10074
AT3G44480.1	8.56166	2.39816	5.33408	5.32193	7.43951	8.95462
AT3G44670.1	0	7.20441	8.56906	4.61797	0	5.36368
AT3G44880.1	6	7	3	3	6	3
AT3G44890.1	10	6	8	5	11	4
AT3G45030.1	3.32624	1.13376	8	7	1	4
AT3G45140.1	73	49	48	55	93	57
AT3G45640.1	11	10	26	15	17	12
AT3G45780.1	14.9999	9.99994	8.99996	13.9999	19.9999	9.99997
AT3G45860.1	0	0	0	0	9	8
AT3G45970.1	11	8	8	6	3	3
AT3G45980.1	2.24456	5.32818	1.93514	2	2	3.77516
AT3G46530.1	1	2	0	2	5	11
AT3G46740.1	4	7	10	9	6	9
AT3G46780.1	39	39	44	35	17	20
AT3G46970.1	14	10	17	16	4	3
AT3G47070.1	22	20	17	23	13	14
AT3G47470.1	292	305	296	310	160	135
AT3G47620.1	5	10	2	7	4	5
AT3G47650.1	12	8	10	20	21	17
AT3G47910.2	2.99238	4.98342	0.997182	5.98452	2.99055	5.14289
AT3G47960.1	10	3	3	7	4	6
AT3G48000.1	4	9	9	9	5	7
AT3G48110.1	5	5	2	3	8	5
AT3G48140.1	7	10	8	4	10	10
AT3G48200.1	8	5	6	6	6	7
AT3G48360.1	32	28	33	38	16	13
AT3G48420.1	17	12	9	21	9	9
AT3G48560.1	47	28	39	29	27	26
AT3G48640.1	3	0	2	0	4	9
AT3G48690.1	5	5	5	13	10	9
AT3G48730.1	8	12.6113	8	9	5	4
AT3G48740.1	9	5	9	8	9	5
AT3G48870.1	2.99987	6.05182	5.99969	6	2.99981	5.03836
AT3G48930.1	3.60221	5	7	10	3	5
AT3G48990.1	16	11	22	19	12	14
AT3G49140.1	4	1	4	4	7	4
AT3G49470.1	3	4	7	1	4	1
AT3G49530.1	5	6	2	3	4	3
AT3G49560.1	6	2	5	7	4	3
AT3G49720.1	6.85496	5.99966	3.99983	3.99985	5.99969	4.99985
AT3G49910.1	3	6	9	3	4	4
AT3G50060.1	6	9	12	16	8	8
AT3G50370.1	8	15	10	10	14	11
AT3G50590.1	3	4	3	4	7	4
AT3G50685.1	4	8	11	7	2	1
AT3G50820.1	100	113	105	94	66	76
AT3G50830.1	3	2	1	2	4	5
AT3G50930.1	1	3	3	4	11	10
AT3G50950.2	19	14	15	25	0	0
AT3G51050.1	4	1	2	1	4	4
AT3G51160.1	5	3	3	3	2	5
AT3G51370.1	5	5	8	5.06982	8	6
AT3G51420.1	4	6	3	5	3	4
AT3G51510.1	6	5	6	4	3	4
AT3G51550.1	25	24	21	14	14	13
AT3G51600.1	3	12	11	12	5	14
AT3G51730.1	3	4	5	3	6	4
AT3G51820.1	11	12	12	11	29	20
AT3G51840.1	2	7	4	5	1	7
AT3G51920.1	6	5	2	5	8	5
AT3G51950.1	4	3	8	7	6	3
AT3G52150.1	0	0	0	9.22676	9	0
AT3G52180.1	1	6	2	4	3	4
AT3G52230.1	5	5	6	7	6	5
AT3G52300.1	5.86946	5	3.90717	7.82433	8.77617	6
AT3G52380.1	15	20	14	17	15	10
AT3G52400.1	12	7	12	12	5	5
AT3G52430.1	1	2	1	2	5	4
AT3G52500.1	9	1	9	8	3	1
AT3G52590.1	7.45902	15.6888	10	16	11	16
AT3G52700.1	140.27	20.3742	40.4868	49.8405	47.1972	157.532
AT3G52800.1	8	9	7	8	8	7
AT3G52850.1	7	3	4	3	7	9
AT3G52930.1	7	5	2	3	7	10
AT3G52960.1	11	14	20	22	15	8
AT3G52990.1	4	3	4	8	7	6
AT3G53020.1	7	7	14	11	8	3
AT3G53130.1	6	1.62821	1	2	4	3
AT3G53260.1	3	4	6	2	4	1
AT3G53430.1	3	7	10	2	8	1
AT3G53580.1	4	4	4	7	5	6
AT3G53870.1	16.7807	8	14.6606	14.4158	9.45483	11
AT3G53990.1	8	6	4	4	2	3
AT3G54050.1	8.67309	8.67309	0	26.0193	8.67309	34.6924
AT3G54210.1	35	22	25	22	19	15
AT3G54360.1	2	2	6	6	8	3
AT3G54540.1	6	4	1	3	0	6
AT3G54600.1	4	0	1	1	6	4
AT3G54660.1	13	14	16	7	20	19
AT3G54810.2	2	13	11	14	16	11
AT3G54890.1	238	240	246	235	104	110.996
AT3G54920.1	8	7	8	12	9	7
AT3G55040.1	1	3	3	2	4	4
AT3G55250.1	5	7	6	3	6	3
AT3G55330.1	8	8	13	12	11	5
AT3G55410.1	6	6	2	2	13	6
AT3G55430.1	5	4	4	9	3	6
AT3G55440.1	26	17	17	26	23	24
AT3G55610.1	5	0	7.36606	4.67125	8	8
AT3G55800.1	56	62	52	45	38	37
AT3G55960.1	1	1	6	1	2	5
AT3G55980.1	24	27	21	21	22	16
AT3G56040.1	2	4	1	9	3	5
AT3G56140.1	2	6.58482	6	2	2	3
AT3G56150.1	11.9971	12.9954	10.9969	7.998	14.9951	13.997
AT3G56240.1	10	2	3	7	3	4
AT3G56340.1	5	5	4	5	4	3
AT3G56360.1	21	29	12	26	21	21
AT3G56400.1	17	11	16	7	12	10
AT3G56680.1	5	6	2	5	4	0
AT3G56800.1	7.49049	8.64606	7	9	4	4
AT3G56880.1	5	8	13	8	9	4
AT3G56910.1	19	29	22	17	14	9.92379
AT3G56940.1	107	98	93	111	81.9485	94
AT3G57260.1	6	3	4	2	9	9
AT3G57290.1	4	1	4	6	3	4
AT3G57330.1	1	6.25469	3.13933	3	5.59937	8
AT3G57410.1	1	0	6	1	6.60471	6
AT3G57450.1	2	5	7	3	4	4
AT3G57530.1	7	10	12	12	5	4
AT3G57610.1	6	3	6	5	1	7
AT3G57870.1	3	7	1	5	0	5
AT3G57930.1	5	11	4	0	0	8
AT3G58140.1	3	7	9	5	5	4
AT3G58560.1	3	5	3	5	7	5
AT3G58610.1	0	17.1563	0	17.1833	0	0
AT3G58680.1	3	6	6	8	8	4
AT3G58730.1	4	10	7	5	4	2
AT3G59400.1	6	14	11	10	4	5
AT3G59780.1	10	9	18	9	9	12
AT3G59920.1	2	6	2	1	6	4
AT3G59940.1	6	10	6	6	2	2
AT3G59970.3	0	9	5.9089	5.90025	5.9089	0
AT3G60030.1	5	3	3	5	2	5
AT3G60190.1	2	2	7	4	9	4
AT3G60245.1	10	12	15	14	11	5
AT3G60320.1	2	5	11	6	12	6
AT3G60750.1	46.2003	161.7	92.4006	138.601	103.951	57.7504
AT3G60770.1	5	2	2	4	8	3
AT3G61050.1	3.99992	2.9999	5.99985	3.99992	3.73328	4.99992
AT3G61130.1	3	6	0	2	4	4
AT3G61260.1	10	8	5	13	4	2
AT3G61280.1	1	3	0	1	4	7
AT3G61430.1	7.99696	4.9973	16.3057	6.99729	6.99647	10.9963
AT3G61440.1	15.0991	27	33	28.993	17.2267	34
AT3G61470.1	303	305	300	322	208	196
AT3G61580.1	15	14	18	11	6	9
AT3G61870.1	24	20	10	16	14	11
AT3G62150.1	2	3	1	3	4	7
AT3G62250.1	4	5.42319	6.58121	2.47795	9	10
AT3G62290.1	16	14	17	10	23	26
AT3G62360.1	3	7	2	3	10	1
AT3G62410.1	16	15	11	13	9	9
AT3G62530.1	5	7	8	5	0	0
AT3G62550.1	14	17	15	17	5	4
AT3G62600.1	2	0	3	7	1	4
AT3G62660.1	5	0	2	3	4	2
AT3G62700.1	3	6	5	2	4	5
AT3G62870.1	11	11	9	11	8	6
AT3G62980.1	8	2	2	4	1	5
AT3G63140.1	33.9593	46	54	46.9977	66	54
AT3G63160.1	26	31	27	23	42	15
AT3G63190.1	7	9	11	13	4	9
AT3G63410.1	34	26	21	26	29	24
AT3G63490.1	0.0551167	21	0.0913857	26.9205	28	0.0669598
AT3G63500.2	3	5	0	6.07951	3	5
AT3G63520.1	12	16	19	16	21	15
AT3G63540.1	13	9	12	7	15	13
AT3G01500.1	0.000521234	14.7389	66.1674	52.5908	44.5599	78.0462
AT3G01500.3	349.59	311.81	296.676	342.908	357.415	280.091
AT3G01540.1	0	0	0	14	0	9.21404
AT3G01540.4	18	7	6	0	0.0299229	14.786
AT3G02090.1	10.8175	9	10	10.8103	13.1827	9.19261
AT3G02360.1	5	1	5	1	5	1
AT3G02470.3	111	93	130	127	97	83
AT3G03780.3	1.99949	0	3.9988	5.99842	11.9272	5.99866
AT3G04400.2	9.08856	1.82461e-08	4.08856	12	10	6
AT3G04910.3	5	8	6	5	0	7
AT3G05220.2	13	10	0	12	13	8
AT3G05680.1	4.99886	2.999	3.99894	2.9993	5.99815	2.9994
AT3G06700.3	5	0	9	8.84627	3	3
AT3G07360.3	6	7	5	3	3	3
AT3G07650.3	5	3.91067	1.57705	0	4.82239	0.796147
AT3G07700.1	0	7	11	0	9	0
AT3G08580.2	38.9227	36.9951	33	40.3401	51.8322	43
AT3G09440.2	8	11.1299	1	7	11.1405	10
AT3G10920.2	0	4.56406	5.50804	2.76216	5.48698	1.84799
AT3G11400.1	2	5	3	4	5	5
AT3G11930.4	15	16.9999	13	1.13582e-08	7.99997	0
AT3G11940.2	7	13	6	8	7	8
AT3G12120.2	0	2.02039	22.0089	0.000233714	2.01362	5.00886
AT3G13062.1	4.99995	4.8097	9.99988	5.80107	1.926	2.99998
AT3G13080.2	0	12.9419	0	4.99999	6.54635	0
AT3G13300.2	1	6	7	3	5.3546	2.82451
AT3G13460.2	17.0262	10.0939	12.7114	16.1645	10.9613	14.5323
AT3G13920.3	16	6.71533	20	12	17.4328	4.10618
AT3G13920.4	0	6.38608	0	0	10.5672	15.6836
AT3G14350.3	3	1	4	4	5.76099	8
AT3G14415.1	97.765	85.4711	102.347	107.427	116.141	109.553
AT3G14420.5	96.8043	104.665	93.2245	107.09	164.509	154.612
AT3G14930.3	2.9994	10.9968	6.99837	11.9975	8.99754	0
AT3G14990.2	5	8	5	0	5	9
AT3G15840.2	2.93144	9.23704	14	0	0.349181	0
AT3G15840.3	18.0681	0	0	23.9994	34.6496	8.51659e-08
AT3G15880.3	1	3	3	0	5	7
AT3G15980.2	3	1.50395	7	2	5	3.43152
AT3G16760.2	1	1	3	2	5	6
AT3G17240.3	3.96542	7.9147	4.9531	1.98251	9.89764	8.92788
AT3G17800.1	2.99955	7.99823	1.99965	9.99847	7.99836	9.9987
AT3G19170.2	21	18	26	34	20.952	21
AT3G19960.1	1.99666	6	1.99627	2.99491	4	3
AT3G22235.2	9.0781	6.96292	0.000876459	4.92584	0	0
AT3G22380.1	0.00684111	10	20	12	0.0300887	17
AT3G23940.2	1.99929	7	3.99838	4	2.99859	3.99876
AT3G24170.3	0	3	0	6	0	6
AT3G26060.1	20	20	34	27	30	33
AT3G26510.2	9	1.56662	7	4	1	2
AT3G26570.2	0	14	21	11	6	0
AT3G26744.4	2	0	3	0	5	5
AT3G29360.2	0.863453	2.56034	3.43853	4.31456	5.13263	8.66922
AT3G43300.2	5	0	4	4	6	5
AT3G44310.2	0.00104615	0.680888	7	0	22.2104	0
AT3G44630.1	2.56922	7.43349	0.00749362	7.33967	0.00675676	6.64834
AT3G46010.1	0	3	6	1	2	4
AT3G46600.2	9	0.0424443	7	0	0.0202411	0
AT3G46600.3	0	7.95756	0	0	3.97976	7
AT3G48050.2	4.99997	0	3.96105	8.55598	3.59164	0
AT3G48500.1	0	3	5	0	6	5
AT3G49010.4	0	0	5.34352	4.98465	5.34139	4.98622
AT3G49010.5	5	9	7.63854	7.45192e-07	2.63864	0
AT3G50950.1	0	0	0	0	18	11
AT3G51800.1	6	4.99999	0	6	0	0
AT3G51800.3	0	0	8	0	7	3
AT3G52140.3	2.99111	9.96159	0	7.97594	6.97443	0
AT3G52150.2	7	8	13	1.77324	0	3
AT3G52880.1	14	9	13	16	13	16
AT3G53420.2	31	39	39.5344	48	12.6392	15.3703
AT3G53460.1	57.3778	69.6731	20.4921	24.5905	4.09832	16.3937
AT3G53460.2	13.6222	9.32695	41.5079	47.4095	40.9016	23.6063
AT3G53740.1	3	4	3.43504	5.51476	4	0
AT3G54050.2	15.3269	30.3269	34	16.9807	24.3269	5.30763
AT3G54500.1	8	10	15	13	13	11.4732
AT3G57050.2	4	0	5	4	6	4
AT3G57300.1	2	5	4	4	4	6
AT3G57520.3	0	20.9935	19.9951	23	19.9942	4.04787e-08
AT3G58610.2	17	1.84296	24	5.81622	16	27
AT3G58640.2	1	1	2	1	6	4
AT3G59020.1	2.60122	2.57591	1.94355	4.54968	5.80691	6.52577
AT3G59060.1	0	0	12	7	0	0
AT3G59060.3	12	6	0	0	12	7
AT3G59350.2	6.0674	10	11	11	6	7
AT3G59770.1	1.99876	3.99654	3.99717	1.99873	4.99595	3.99779
AT3G59970.2	5	0	2.0911	0.0997466	2.57098	6
AT3G60240.2	8.24199	9.07181	3.65009	3.66127	9.99803	9.18698
AT3G60300.1	3	6	2	3	0	7
AT3G60420.1	2	2	0	1	10	6
AT3G60750.2	86.7997	26.2997	61.5994	35.3991	73.0493	115.25
AT3G62030.1	29.814	58	14.907	58.2687	28.7895	0
AT3G62030.3	17.186	1.5741e-06	55.093	0.731286	0.210512	29
AT3G62120.2	4.99999	4.99999	0	4.99999	9.99998	5
AT3G62720.2	4	0	2	4	5	4
AT3G63460.2	1.37725	6.74424	4.09887	3.13739	3.38607	9.01765
AT3G63490.2	17.9449	0	26.9086	0	0	23.933
AT2G01020.1	133.5	142	137	129	5.5	6
AT2G01021.1	9	7	10	9	4	5
AT2G01110.1	6	7	7	13	8	10
AT2G01140.1	10	4	3	4	5	5
AT2G01180.1	4	7	6	9	4	4
AT2G01190.1	2	4	6	7	4	8
AT2G01250.1	0	0	11	13	5	0
AT2G01570.1	3	2	7	5	0	7
AT2G01850.1	13	16	7	12	9	13
AT2G02070.1	4	6	5	7	4	5
AT2G02100.1	1	1	2	2	5	4
AT2G02160.1	7	11	9	8	2	6
AT2G03440.1	1	7	4	2	5	2
AT2G03550.1	2	1	6	7	0	2
AT2G03680.1	5	1	1	3.84678	4	3
AT2G03890.1	4	0	0	0	6	8
AT2G04030.1	1.84917e-08	23	1.9483e-08	1.19901e-08	1.97285e-08	18
AT2G04390.1	6.58343	5.30203	1.28112	2.07488	4.10924	3.55564
AT2G04520.1	3	8	4	3	4.14596	2
AT2G04700.1	4	8	11	5	2	6
AT2G04842.1	12	13	6	5	6	7
AT2G05070.1	188.872	213.015	224.04	199.715	64.8779	56.7637
AT2G05100.1	105.128	114.876	116.837	138.181	47.1221	33.2363
AT2G05310.1	3.64614	8	6.89391	2.91322	3	8
AT2G05380.1	24.5425	38.8045	21.4691	24.2884	14.4419	16.379
AT2G05520.1	124.878	148.195	148.491	143.932	3.30519	88.2013
AT2G05710.1	11	7	8	10	10	10
AT2G06520.1	121	136	154	121	71	69
AT2G06530.1	3	2	4	6	8	4
AT2G06850.1	14	7	5	11	20	16
AT2G10940.1	56	58.0837	49	65	57	57
AT2G13360.1	43.6625	102.979	85.3662	113.141	103	47.2012
AT2G13560.1	3	9	4	2	8	7
AT2G14560.1	7.07061	1.76486	9.35376	1.87075	13.0953	9.35376
AT2G14610.1	6	14	8	9	62	48
AT2G14890.1	6	2	8	9	4	2
AT2G14910.1	7	8	7	13	8	6
AT2G15090.1	3	6	7	8	4	3
AT2G15620.1	15	13	16	8	14	10
AT2G15890.1	17	15	17	13	0	0
AT2G15960.1	3	4	7	13	4	6
AT2G15970.1	4	8	5.91749	5.91749	3	0
AT2G16280.1	7	6	11	5	7	10
AT2G16485.1	3	2	6	2	3	5
AT2G16500.1	3	7	7	7	14	12
AT2G16600.1	0	10.9715	0	10.9715	17	11
AT2G16640.1	5	2	1	7	4	2
AT2G16660.1	6	7	10	2	18	21
AT2G17200.1	1.71156	0	3	2.68393	6	6
AT2G17230.1	13	18	30	16	7	8
AT2G17360.1	0	0	4	4	5.60263	7
AT2G17390.1	6	5	7	5	2	1
AT2G17480.1	1	3	1	6	6	3
AT2G17520.1	5	7	2	5	8	4
AT2G17930.1	6	3	7	7	11	8
AT2G18020.1	8.31626	17.7072	13	9.9077	13.8763	7.60444
AT2G18700.1	19	18	17	11	8	17
AT2G18710.1	5	5	6	6	3	4
AT2G18960.1	45.8964	43.886	42.9743	43.6511	49	55
AT2G19480.1	10	9	5	13	12	5
AT2G20190.1	4	2	0	6	3	4
AT2G20260.1	24	30	19	26.9755	13	9
AT2G20420.1	4	6	8	2	4	5
AT2G20580.1	3	4	5	3	13	6
AT2G20670.1	19	8	22	17	5	7
AT2G20860.1	2	4	9	7	10	4
AT2G20890.1	32	36	32	27	13	17
AT2G20920.1	8	5	4	5	4	5
AT2G20960.1	7	8	6	6	2	5
AT2G21120.1	1	3	5	7	6	8
AT2G21170.1	1.352e-06	15	1.88601e-06	2.11331e-06	25	24
AT2G21330.1	94.2496	103	101	55.8931	107.746	75.6985
AT2G21380.1	3	4	5	8	8	4
AT2G21390.1	2.32754	9	10	10	6	8.66124
AT2G21440.1	3	2	3	3	5	7
AT2G21580.1	5.78234	4.40084	1.37644	4.12809	2.2675	5.38423
AT2G21660.1	72.7821	72.8563	69	31.0635	15.5317	32
AT2G21960.1	7	6	4	4	4	5
AT2G21970.1	5	3	2	2	3	8
AT2G22125.1	5	4	8	6	10	10
AT2G22430.1	6	7	7	9	11	6
AT2G22500.1	3	4	4	7	10	5
AT2G22660.2	5	3	4	3	7	5
AT2G22795.1	6	4	6	3	2	3
AT2G23070.1	3	3	9	2	5	2
AT2G23090.1	6	4.84128	7	2	7	10
AT2G23320.1	1.02754	9	8	1.64845	0.854264	0.605911
AT2G23350.1	9	4	5	12	14	8
AT2G23600.1	3	3	3	4	5	8
AT2G23670.1	12	8	6	15	2	4
AT2G23810.1	12	18	17	17	12	8
AT2G24020.1	4	12	4	7	2	2
AT2G24060.1	6	0	7	6	4	1
AT2G24090.1	10	14	12	9	19	9
AT2G24270.4	0.00206829	2.71336	2.02983e-07	10	6.71336	0.713367
AT2G24280.1	2	6	4	4	3	4
AT2G24360.1	5	4	2	2	4	0
AT2G24550.1	5	3	6	3	4	2
AT2G24790.1	7	16	10	13	0	2.62797
AT2G24820.1	4	2	6	9	10	5
AT2G24945.1	2.98776	7.95832	7.9641	4.97932	2.9851	2.98879
AT2G25080.1	22	27	17	24	10	8
AT2G25170.1	3	6	1	4	5	3
AT2G25430.1	12	7	10	8	6	9
AT2G25490.1	2	1	2	4	4	6
AT2G25510.1	0	0	0	0	84.6356	62.204
AT2G25660.1	4	1	6	3	4	5
AT2G25670.1	6	6	2	3	5	6
AT2G25970.1	5	7	5	6	7	9
AT2G26010.1	0	2	4.23436	1	6.45128	14.3469
AT2G26080.1	53.9084	41.1998	54.4773	61.8198	69.8843	57.9524
AT2G26140.1	5	4	5	7	5	7
AT2G26190.1	3	6.58679	6	4	3	6
AT2G26250.1	5	12	4	6	5	6
AT2G26280.1	7	5	2	7	1	4
AT2G26500.2	10.2594	25.324	31.4791	20.5208	21.0305	18.1263
AT2G26560.1	6	10	10	11	22	11
AT2G26570.1	6	4	7	2	5	9
AT2G26670.1	6	4	0	7	0	0
AT2G26740.1	5	6	6	3	4.42936	0
AT2G26890.1	3	5	2	5	9	5
AT2G26900.1	8	4	9	8	4	3
AT2G26910.1	5	2	3	6	8	2
AT2G26980.4	0	12.9997	12.9998	4.18635	11.9998	5
AT2G27050.1	5.43363	3.86778	3	5.43363	4	5
AT2G27290.1	8	5	13	1	7	6
AT2G27530.1	5.79444e-08	1.06391e-07	13	11	1.3533e-07	5
AT2G27680.1	10	10	16	12	18	14
AT2G27730.1	2	5	2	3	5	5
AT2G27860.1	3	4	5	5	10	6
AT2G28000.1	22	18	35	30	17	23
AT2G28190.1	17	20	13	17	12	9
AT2G28800.1	26.7748	3.11308	16.3397	23.2984	14.5467	0
AT2G28840.1	9.09141	3	0	0	6	0
AT2G28900.1	8	10	9	10	7	8
AT2G28910.1	7	8	17	15	12	7
AT2G29400.1	2	3	0	2	4	4
AT2G29450.1	9	8	4	4	3	3
AT2G29980.1	4	3	1	5	7	9
AT2G30110.1	4	7	12	5	11	13
AT2G30230.1	1999.24	158.193	118.252	129.495	1032.78	198.248
AT2G30250.1	3	4	6	6	0	4
AT2G30440.1	5	6	5	6	9	4
AT2G30490.1	5	1	1	3	4	3
AT2G30520.1	10	9	4	6	6	17
AT2G30570.1	147	161	159	174	121	118
AT2G30860.1	16.4577	16.4577	21.9436	33	32.9154	33
AT2G30870.1	4	3	8	5	10	20
AT2G30930.1	3	4	3	2	4	4
AT2G30950.1	63.7637	75.8282	81.6926	91.5788	48	39.743
AT2G30980.1	0	4	4	0	5	6
AT2G31040.1	11	4	11	14	2	6
AT2G31360.1	3	6	2	5	4	1
AT2G31400.1	9	17	9	10	15	18
AT2G31610.1	5.21934	8	8.33944	6.58416	12.5452	4
AT2G31660.1	3	3	1	4	5	6
AT2G31880.1	12.9401	12.7998	24.5719	21	29.4921	23
AT2G31960.1	4	4.28322	4.31402	2.5982	5.15177	5.22034
AT2G32230.1	2	1	1	8	5	5
AT2G32690.1	27.9078	34	27.9098	34	29.9079	20.9998
AT2G32730.1	4	4	7	6	6	4
AT2G32800.1	1	3	4	5	5	4
AT2G32810.1	5	3	4	2	4	4
AT2G33040.1	7	10	8	13	6	3
AT2G33150.1	19	10	18	20.9436	12	15
AT2G33430.1	13	4	5	1	6	3
AT2G33450.1	12	12	13	19	6	7
AT2G33530.1	2	0	2	4	5	4
AT2G33730.1	4	7	4	2	6	3
AT2G33800.1	27	29	20	29	12	12
AT2G33830.2	13	15	9	17	0	7
AT2G34250.1	4	9	6	6	10	14
AT2G34420.1	790.934	839.125	868.405	863.497	291.534	306.168
AT2G34430.1	138.873	147.699	159.397	150.569	44.9277	29.6416
AT2G34460.1	2.66419	4.79834	9	9	3.49758	4
AT2G34480.1	18	21	11	19	11	11
AT2G34510.1	6	9	5	2	6	4
AT2G34770.1	5	5	4	3	4	0
AT2G34860.1	3.9266	11.7379	9	3.92589	3.91554	8.84495
AT2G35040.1	4	11	5	3	5	1
AT2G35050.1	3	5	6	11	7	14
AT2G35260.1	21	19	24	24	9	6
AT2G35370.1	30	39	38	33	37	31
AT2G35410.1	2	4	6	3	6	5
AT2G35490.1	10	6	8	12	4	10
AT2G35500.1	2	5	7	1	5	3
AT2G35630.1	4	5	5	8	7	4
AT2G35680.1	7	5	4	8	9	6
AT2G35800.1	8	5	5	4	4	1
AT2G36120.1	4	7	10	7	2	1
AT2G36145.1	2	5	7	8	2	1
AT2G36160.1	6	3	3	2	7	5
AT2G36250.1	6	3	3	5	5	4
AT2G36320.1	3	6	3	2	4	1
AT2G36390.1	5	4	6	2	2	2
AT2G36460.1	3	3	4	6	7	1
AT2G36490.1	1	4	8	1	6	4
AT2G36530.1	28	17	26	21	22	27
AT2G36620.1	2	6	8	4	6	3
AT2G36800.1	2	9	2.86244	2	8	1
AT2G36830.1	11	13	3	12	8	6
AT2G36850.1	10	9	8	4	5	5
AT2G36880.1	4.99989	8	6.99981	8.19058	11.2559	10.137
AT2G36910.1	4	4	3	7	1	4
AT2G36990.1	4	6	4	6	9	10
AT2G37220.1	86	80	79	75	42	56
AT2G37540.1	6	8	11	5	8	3
AT2G37660.1	24	27	23	25	11	16
AT2G37940.1	5	5	5	5	10	4
AT2G37970.1	5	10	7	8	6	3
AT2G38140.1	16	14	8	18	5	4
AT2G38230.1	24	24	15	20	10.4163	18
AT2G38270.1	3	2	6	1	5	1
AT2G38310.1	9	4	3	5	4	8
AT2G38470.1	12	14	22	22	11	12
AT2G38540.1	6	9	20	10	11	5
AT2G39010.1	14	17	19	16	10	5
AT2G39190.2	0.0181782	9	6	3	0.0149186	0.0220804
AT2G39460.1	9	5.1911	6	5.75848	7.0924	4
AT2G39470.1	0	0	0	0	9	10
AT2G39570.1	6	9	5	10	3	7
AT2G39580.1	4	3	4	3	5	9
AT2G39730.1	491.007	434.078	697.195	677.614	796.374	634.496
AT2G40000.1	35	45	41	52	21	21
AT2G40100.1	6	11	10	0	15	20.9984
AT2G40290.1	3	8	2	1	4	5
AT2G40400.1	8	4.41518	2	2	5	4
AT2G40490.1	2	10	5	3	6	4
AT2G40510.1	5	3	4	3	6	1.44222
AT2G40840.1	9	11	11	7	7	9
AT2G41090.1	22.5981	19.5155	35.4045	28.6603	27.3033	18
AT2G41100.1	18.0875	55.2671	65.0201	45.514	27.233	40.0485
AT2G41220.1	2	2	1	3	6	4
AT2G41410.1	8	7	8	8	3	2
AT2G41420.1	7	4	10	3	2	7
AT2G41430.1	10.8082	0	5.28128	0	0	9.26165
AT2G41530.1	8	5	3	3	2	5
AT2G41560.1	9	18.7453	19.8607	9	13.4006	9
AT2G41680.1	11	7	13	13	13	9
AT2G41790.1	5	1	3	6	5	4
AT2G41840.1	10	17	18	14	12	16
AT2G41960.1	4	5	3	1	6	5
AT2G42220.1	4	5	6	6	9	5
AT2G42490.1	0	6	5	6	5	6
AT2G42580.1	3	4	5	4	6	4
AT2G42600.2	31	22	35	4.56007	0.800692	0
AT2G42680.1	0	6.76557	2	0	5	3
AT2G42690.1	4	4.23443	9	4	6	4
AT2G42750.1	8	6	7	4	5	4
AT2G43030.1	22	20	17	14	13	13
AT2G43090.1	0	0	0	14	6	0
AT2G43150.1	2	1	3	4	5	11
AT2G43710.2	0	5.62606	6.59437	0	8.45192	5.68218
AT2G43820.1	5	3	4	7	0	3
AT2G43970.1	42.4822	51.9999	4.89532e-07	4.90927e-07	42.8992	1.60438e-07
AT2G44060.1	9	4	0.26637	16	0.247884	0.208542
AT2G44100.1	5	4	8	5	5	11
AT2G44120.2	2	0	3	0	7	5
AT2G44160.1	6	2	5	5	3	4
AT2G44490.1	8	15	11	15	9	13
AT2G44500.1	9	11	6	4	11	6
AT2G44620.1	4	6	6	1	3	2
AT2G44870.1	2	7	6	3	5	0
AT2G44920.2	5	3	3	2.03576	3	4
AT2G45180.1	65	59	42	61	19	28
AT2G45470.1	5	7	4	7	4	1
AT2G45820.1	10	12	15	7	5	2
AT2G46220.1	5	5	10	7	4	4
AT2G46330.1	2.54356	12	15	8	8	15
AT2G46340.1	6	3	3	9	5	4
AT2G46390.1	2	7	2	9	0	0
AT2G46490.1	1	1	0	3	4	8
AT2G46600.1	4	7	4	6	1	4
AT2G46820.1	70	77	82	69	44	32.9993
AT2G47070.1	9	5	4	11	11	4
AT2G47170.1	12	14	7	9	16	13
AT2G47390.1	13	11	10	6	10.4382	11
AT2G47400.1	66	87	62	94	41	54
AT2G47440.1	5	7	7	9	4	9
AT2G47450.1	14	23	20	24	23	25
AT2G47590.1	14	5	16	5	4	7
AT2G47610.1	8	15	8	10	4	9
AT2G47730.1	30	37	33	36	37	35
AT2G47800.1	2	4	3	2	5	5
AT2G47940.1	11.962	4.97954	6.97551	5.98072	7	8.97401
AT2G48160.1	2	5	5	5	5	7
AT2G01250.2	8	12	4.51844e-06	0	0	9
AT2G01420.1	2.95566	3.9289	4.92059	4.92533	4.91425	4.93087
AT2G01450.2	1.98186	3.70367	1.98033	9.90824	2.96783	6.9411
AT2G04030.2	26	0	19	16	13	0
AT2G04350.2	0.999925	2.99966	4.99956	4.99962	3.99958	5.99961
AT2G05520.2	2.26317	0.000231289	0.0401674	6.77969	110.253	29.8964
AT2G07360.1	3	3	0	9	2	8
AT2G13360.2	98.3375	23.021	30.6338	20.8592	3.164e-07	62.7988
AT2G14560.2	14.9294	14.5124	13.6462	10.1292	24.9047	22.5023
AT2G16600.2	11	6.02851	11	2.02852	0	0
AT2G16940.1	5	7	1	3	3	4
AT2G16950.2	1.89912	3.7716	5.68238	0.949212	6.6098	5.71069
AT2G18440.1	5	5.87717	5.87717	9	4	3
AT2G20630.1	7	0	7	5	9	5
AT2G20990.1	12	9.99503	2.9988	5.99787	9.99537	6
AT2G21170.2	22	0	23	33	1.2354e-06	1.25603e-07
AT2G21660.2	0.11416	0.143708	0	44.9365	18.4683	0
AT2G21870.2	2.72483	4.49691	5.42943	7.26241	0	0
AT2G22010.1	1	4	1	3	4	4
AT2G22300.2	9.98913	10.9838	2.99633	1.99779	6.99028	0
AT2G22670.3	3	0	9	5	5	2
AT2G22980.1	8.93219	5.69564	0.369916	0.742674	0.371677	1.10005
AT2G22990.1	17.6517	22	12	0	8.56313	0
AT2G22990.6	0	0	0	17	0	14
AT2G23130.2	5	2	3	3	4	3
AT2G24200.2	9.9999	0	0	0	7.99988	10.9999
AT2G24200.3	0	5	7	14	0	0
AT2G24270.1	13.9979	7.28664	13	0	7.28664	7.28663
AT2G25730.1	6	7	6	3	0	3
AT2G25900.2	7	6	6	7	2	3
AT2G26500.1	0	0	20.515	7.13687	9.6925	0
AT2G26500.3	28.7406	11.676	0.00587728	17.3424	4.27705	4.87368
AT2G27500.3	0	6	9	3.49977	1	5
AT2G27530.2	10.1727	8	0	0	12	0
AT2G27710.3	9.3243	12.5607	0	13.6217	3	3
AT2G27720.1	4.6757	7.85149	7.83676	11.3783	8	0
AT2G28290.2	7.66469	4.76041	5.73506	13.4088	19.0662	0
AT2G28470.2	5	0	2	4	4	3
AT2G29630.1	24	30	14.0981	26	20	19
AT2G29650.3	0	9	2	7	0	9
AT2G30390.1	5	3.99868	5.99843	4.99884	7	5.99881
AT2G30600.3	12.3956	8.12999	10.9498	26	10.8752	5.54053
AT2G30600.4	4.99717	3.41326	4.4845	0	4.52991	2.20112
AT2G30860.2	10.5423	10.5423	7.05637	0	14.0846	0
AT2G30970.2	2	2	2	4	5	4
AT2G31810.3	6	0	4.3464	9.59758	3	0.876446
AT2G32080.2	1.68109	2.49102	2.50991	2.51998	4.16183	6.75285
AT2G32480.2	6	1	5	1	5	5
AT2G32690.2	13.9248	0	13.9159	3.40645e-08	0	0.000168307
AT2G33120.1	0	0	2.50109	4	5	6.81832
AT2G34660.2	3	5	7	7	7	5
AT2G35940.2	1	4	6	1.5078	0	4.5234
AT2G36000.2	5	3	7	3	0	1
AT2G38040.2	10.9253	8.92377	10.9186	18.8694	8.92697	5.8082
AT2G38170.1	18.565	22	14.8273	18	18	20.8306
AT2G39190.1	5.98182	0	0	0	3.98508	7.97792
AT2G39470.3	9.27809	8.33272	9.23518	7.58619	0	0
AT2G39730.2	492.993	523.922	251.805	337.386	403.626	468.504
AT2G39770.2	3	5	4	5	6	6
AT2G39800.2	0	9	12.6339	9	4	7
AT2G40140.2	4	9	5	7	5	11
AT2G41100.2	17.4709	15.2175	4.57541	23.8257	29.023	17.7019
AT2G41100.3	0	0	0	0	18.4408	10.2482
AT2G41110.1	5.50951	3.35394	3	2	2	7
AT2G41430.2	72.1918	103	71.6825	77	53.7682	58.7384
AT2G42590.1	11	0.765559	0.72962	9	0.879623	0.687507
AT2G42590.2	0	5.23444	5.27038	0	6.12038	5.31249
AT2G42600.1	0	0	0	26.4399	13.1993	12.3454
AT2G43090.2	7	8	5	0	0	4
AT2G43160.2	12.1807	0	9.69756	7.30342	14.6921	7.34066
AT2G43710.1	8	0.373935	0.405626	7	0.54808	0.31782
AT2G43750.2	8	12	9	6	13	9
AT2G43970.2	4.5178	7.2408e-05	52	69	7.10076	32
AT2G44060.2	0	0	7.73363	0	6.75212	6.79146
AT2G45540.1	7	4	4	4	9	9
AT2G45740.3	0.975679	0	2.92233	3.90184	4.8616	6
AT2G45960.1	54	34	36.6872	46	35.987	27
AT2G46020.1	5	3	3	5	10	9
AT2G47110.2	8.54098	6.88806	4.41879	2.52205	3	4
AT2G47510.2	1	3	2	1	4	9
